plane_group,reads_count_0,reads_count_1,reads_count_2,reads_count_3,reads_count_4,reads_count_5,reads_count_6,reads_count_7,reads_count_8,reads_count_9,reads_count_10,reads_count_11,reads_count_12,reads_count_13,reads_count_14,reads_count_15,reads_count_16,reads_count_17,reads_count_18,reads_count_19,reads_count_20,reads_count_21,reads_count_22,reads_count_23,reads_count_24,reads_count_25,reads_count_26,reads_count_27,reads_count_28,reads_count_29,reads_count_30,reads_count_31,reads_count_32,reads_count_33,reads_count_34,reads_count_35,reads_count_36,reads_count_37,reads_count_38,reads_count_39,reads_count_40,reads_count_41,reads_count_42,reads_count_43,reads_count_44,reads_count_45,reads_count_46,reads_count_47,reads_count_48,reads_count_49,reads_count_50,reads_count_51,reads_count_52,reads_count_53,reads_count_54,reads_count_55,reads_count_56,reads_count_57,reads_count_58,reads_count_59,reads_count_60,reads_count_61,reads_count_62,reads_count_63,reads_count_64,reads_count_65,reads_count_66,reads_count_67,reads_count_68,reads_count_69,reads_count_70,reads_count_71,reads_count_72,reads_count_73,reads_count_74,reads_count_75,reads_count_76,reads_count_77,reads_count_78,reads_count_79,reads_count_80,reads_count_81,reads_count_82,reads_count_83,reads_count_84,reads_count_85,reads_count_86,reads_count_87,reads_count_88,reads_count_89,reads_count_90,reads_count_91,reads_count_92,reads_count_93,reads_count_94,reads_count_95,reads_count_96,reads_count_97,reads_count_98,reads_count_99,reads_count_100,reads_count_101,reads_count_102,reads_count_103,reads_count_104,reads_count_105,reads_count_106,reads_count_107,reads_count_108,reads_count_109,reads_count_110,reads_count_111,reads_count_112,reads_count_113,reads_count_114,reads_count_115,reads_count_116,reads_count_117,reads_count_118,reads_count_119,reads_count_120,reads_count_121,reads_count_122,reads_count_123,reads_count_124,reads_count_125,reads_count_126,reads_count_127,reads_count_128,reads_count_129,reads_count_130,reads_count_131,reads_count_132,reads_count_133,reads_count_134,reads_count_135,reads_count_136,reads_count_137,reads_count_138,reads_count_139,reads_count_140,reads_count_141,reads_count_142,reads_count_143,reads_count_144,reads_count_145,reads_count_146,reads_count_147,reads_count_148,reads_count_149,reads_count_150,reads_count_151,reads_count_152,reads_count_153,reads_count_154,reads_count_155,reads_count_156,reads_count_157,reads_count_158,reads_count_159,reads_count_160,reads_count_161,reads_count_162,reads_count_163,reads_count_164,reads_count_165,reads_count_166,reads_count_167,reads_count_168,reads_count_169,reads_count_170,reads_count_171,reads_count_172,reads_count_173,reads_count_174,reads_count_175,reads_count_176,reads_count_177,reads_count_178,reads_count_179,reads_count_180,reads_count_181,reads_count_182,reads_count_183,reads_count_184,reads_count_185,reads_count_186,reads_count_187,reads_count_188,reads_count_189,reads_count_190,reads_count_191,reads_count_192,reads_count_193,reads_count_194,reads_count_195,reads_count_196,reads_count_197,reads_count_198,reads_count_199,reads_count_200,reads_count_201,reads_count_202,reads_count_203,reads_count_204,reads_count_205,reads_count_206,reads_count_207,reads_count_208,reads_count_209,reads_count_210,reads_count_211,reads_count_212,reads_count_213,reads_count_214,reads_count_215,reads_count_216,reads_count_217,reads_count_218,reads_count_219,reads_count_220,reads_count_221,reads_count_222,reads_count_223,reads_count_224,reads_count_225,reads_count_226,reads_count_227,reads_count_228,reads_count_229,reads_count_230,reads_count_231,reads_count_232,reads_count_233,reads_count_234,reads_count_235,reads_count_236,reads_count_237,reads_count_238,reads_count_239,reads_count_240,reads_count_241,reads_count_242,reads_count_243,reads_count_244,reads_count_245,reads_count_246,reads_count_247,reads_count_248,reads_count_249,reads_count_250,reads_count_251,reads_count_252,reads_count_253,reads_count_254,reads_count_255,reads_count_256,reads_count_257,reads_count_258,reads_count_259,reads_count_260,reads_count_261,reads_count_262,reads_count_263,reads_count_264,reads_count_265,reads_count_266,reads_count_267,reads_count_268,reads_count_269,reads_count_270,reads_count_271,reads_count_272,reads_count_273,reads_count_274,reads_count_275,reads_count_276,reads_count_277,reads_count_278,reads_count_279,reads_count_280,reads_count_281,reads_count_282,reads_count_283,reads_count_284,reads_count_285,reads_count_286,reads_count_287,reads_count_288,reads_count_289,reads_count_290,reads_count_291,reads_count_292,reads_count_293,reads_count_294,reads_count_295,reads_count_296,reads_count_297,reads_count_298,reads_count_299,reads_count_300,reads_count_301,reads_count_302,reads_count_303,reads_count_304,reads_count_305,reads_count_306,reads_count_307,reads_count_308,reads_count_309,reads_count_310,reads_count_311,reads_count_312,reads_count_313,reads_count_314,reads_count_315,reads_count_316,reads_count_317,reads_count_318,reads_count_319,reads_count_320,reads_count_321,reads_count_322,reads_count_323,reads_count_324,reads_count_325,reads_count_326,reads_count_327,reads_count_328,reads_count_329,reads_count_330,reads_count_331,reads_count_332,reads_count_333,reads_count_334,reads_count_335,reads_count_336,reads_count_337,reads_count_338,reads_count_339,reads_count_340,reads_count_341,reads_count_342,reads_count_343,reads_count_344,reads_count_345,reads_count_346,reads_count_347,reads_count_348,reads_count_349,reads_count_350,reads_count_351,reads_count_352,reads_count_353,reads_count_354,reads_count_355,reads_count_356,reads_count_357,reads_count_358,reads_count_359,reads_count_360,reads_count_361,reads_count_362,reads_count_363,reads_count_364,reads_count_365,reads_count_366,reads_count_367,reads_count_368,reads_count_369,reads_count_370,reads_count_371,reads_count_372,reads_count_373,reads_count_374,reads_count_375,reads_count_376,reads_count_377,reads_count_378,reads_count_379,reads_count_380,reads_count_381,reads_count_382,reads_count_383,reads_count_384,reads_count_385,reads_count_386,reads_count_387,reads_count_388,reads_count_389,reads_count_390,reads_count_391,reads_count_392,reads_count_393,reads_count_394,reads_count_395,reads_count_396,reads_count_397,reads_count_398,reads_count_399,reads_count_400,reads_count_401,reads_count_402,reads_count_403,reads_count_404,reads_count_405,reads_count_406,reads_count_407,reads_count_408,reads_count_409,reads_count_410,reads_count_411,reads_count_412,reads_count_413,reads_count_414,reads_count_415,reads_count_416,reads_count_417,reads_count_418,reads_count_419,reads_count_420,reads_count_421,reads_count_422,reads_count_423,reads_count_424,reads_count_425,reads_count_426,reads_count_427,reads_count_428,reads_count_429,reads_count_430,reads_count_431,reads_count_432,reads_count_433,reads_count_434,reads_count_435,reads_count_436,reads_count_437,reads_count_438,reads_count_439,reads_count_440,reads_count_441,reads_count_442,reads_count_443,reads_count_444,reads_count_445,reads_count_446,reads_count_447,reads_count_448,reads_count_449,reads_count_450,reads_count_451,reads_count_452,reads_count_453,reads_count_454,reads_count_455,reads_count_456,reads_count_457,reads_count_458,reads_count_459,reads_count_460,reads_count_461,reads_count_462,reads_count_463,reads_count_464,reads_count_465,reads_count_466,reads_count_467,reads_count_468,reads_count_469,reads_count_470,reads_count_471,reads_count_472,reads_count_473,reads_count_474,reads_count_475,reads_count_476,reads_count_477,reads_count_478,reads_count_479,reads_count_480,reads_count_481,reads_count_482,reads_count_483,reads_count_484,reads_count_485,reads_count_486,reads_count_487,reads_count_488,reads_count_489,reads_count_490,reads_count_491,reads_count_492,reads_count_493,reads_count_494,reads_count_495,reads_count_496,reads_count_497,reads_count_498,reads_count_499,reads_count_500,reads_count_501,reads_count_502,reads_count_503,reads_count_504,reads_count_505,reads_count_506,reads_count_507,reads_count_508,reads_count_509,reads_count_510,reads_count_511,reads_count_512,reads_count_513,reads_count_514,reads_count_515,reads_count_516,reads_count_517,reads_count_518,reads_count_519,reads_count_520,reads_count_521,reads_count_522,reads_count_523,reads_count_524,reads_count_525,reads_count_526,reads_count_527,reads_count_528,reads_count_529,reads_count_530,reads_count_531,reads_count_532,reads_count_533,reads_count_534,reads_count_535,reads_count_536,reads_count_537,reads_count_538,reads_count_539,reads_count_540,reads_count_541,reads_count_542,reads_count_543,reads_count_544,reads_count_545,reads_count_546,reads_count_547,reads_count_548,reads_count_549,reads_count_550,reads_count_551,reads_count_552,reads_count_553,reads_count_554,reads_count_555,reads_count_556,reads_count_557,reads_count_558,reads_count_559,reads_count_560,reads_count_561,reads_count_562,reads_count_563,reads_count_564,reads_count_565,reads_count_566,reads_count_567,reads_count_568,reads_count_569,reads_count_570,reads_count_571,reads_count_572,reads_count_573,reads_count_574,reads_count_575,reads_count_576,reads_count_577,reads_count_578,reads_count_579,reads_count_580,reads_count_581,reads_count_582,reads_count_583,reads_count_584,reads_count_585,reads_count_586,reads_count_587,reads_count_588,reads_count_589,reads_count_590,reads_count_591,reads_count_592,reads_count_593,reads_count_594,reads_count_595,reads_count_596,reads_count_597,reads_count_598,reads_count_599,reads_count_600,reads_count_601,reads_count_602,reads_count_603,reads_count_604,reads_count_605,reads_count_606,reads_count_607,reads_count_608,reads_count_609,reads_count_610,reads_count_611,reads_count_612,reads_count_613,reads_count_614,reads_count_615,reads_count_616,reads_count_617,reads_count_618,reads_count_619,reads_count_620,reads_count_621,reads_count_622,reads_count_623,reads_count_624,reads_count_625,reads_count_626,reads_count_627,reads_count_628,reads_count_629,reads_count_630,reads_count_631,reads_count_632,reads_count_633,reads_count_634,reads_count_635,reads_count_636,reads_count_637,reads_count_638,reads_count_639,reads_count_640,reads_count_641,reads_count_642,reads_count_643,reads_count_644,reads_count_645,reads_count_646,reads_count_647,reads_count_648,reads_count_649,reads_count_650,reads_count_651,reads_count_652,reads_count_653,reads_count_654,reads_count_655,reads_count_656,reads_count_657,reads_count_658,reads_count_659,reads_count_660,reads_count_661,reads_count_662,reads_count_663,reads_count_664,reads_count_665,reads_count_666,reads_count_667,reads_count_668,reads_count_669,reads_count_670,reads_count_671,reads_count_672,reads_count_673,reads_count_674,reads_count_675,reads_count_676,reads_count_677,reads_count_678,reads_count_679,reads_count_680,reads_count_681,reads_count_682,reads_count_683,reads_count_684,reads_count_685,reads_count_686,reads_count_687,reads_count_688,reads_count_689,reads_count_690,reads_count_691,reads_count_692,reads_count_693,reads_count_694,reads_count_695,reads_count_696,reads_count_697,reads_count_698,reads_count_699,reads_count_700,reads_count_701,reads_count_702,reads_count_703,reads_count_704,reads_count_705,reads_count_706,reads_count_707,reads_count_708,reads_count_709,reads_count_710,reads_count_711,reads_count_712,reads_count_713,reads_count_714,reads_count_715,reads_count_716,reads_count_717,reads_count_718,reads_count_719,reads_count_720,reads_count_721,reads_count_722,reads_count_723,reads_count_724,reads_count_725,reads_count_726,reads_count_727,reads_count_728,reads_count_729,reads_count_730,reads_count_731,reads_count_732,reads_count_733,reads_count_734,reads_count_735,reads_count_736,reads_count_737,reads_count_738,reads_count_739,reads_count_740,reads_count_741,reads_count_742,reads_count_743,reads_count_744,reads_count_745,reads_count_746,reads_count_747,reads_count_748,reads_count_749,reads_count_750,reads_count_751,reads_count_752,reads_count_753,reads_count_754,reads_count_755,reads_count_756,reads_count_757,reads_count_758,reads_count_759,reads_count_760,reads_count_761,reads_count_762,reads_count_763,reads_count_764,reads_count_765,reads_count_766,reads_count_767,reads_count_768,reads_count_769,reads_count_770,reads_count_771,reads_count_772,reads_count_773,reads_count_774,reads_count_775,reads_count_776,reads_count_777,reads_count_778,reads_count_779,reads_count_780,reads_count_781,reads_count_782,reads_count_783,reads_count_784,reads_count_785,reads_count_786,reads_count_787,reads_count_788,reads_count_789,reads_count_790,reads_count_791,reads_count_792,reads_count_793,reads_count_794,reads_count_795,reads_count_796,reads_count_797,reads_count_798,reads_count_799,reads_count_800,reads_count_801,reads_count_802,reads_count_803,reads_count_804,reads_count_805,reads_count_806,reads_count_807,reads_count_808,reads_count_809,reads_count_810,reads_count_811,reads_count_812,reads_count_813,reads_count_814,reads_count_815,reads_count_816,reads_count_817,reads_count_818,reads_count_819,reads_count_820,reads_count_821,reads_count_822,reads_count_823,reads_count_824,reads_count_825,reads_count_826,reads_count_827,reads_count_828,reads_count_829,reads_count_830,reads_count_831,reads_count_832,reads_count_833,reads_count_834,reads_count_835,reads_count_836,reads_count_837,reads_count_838,reads_count_839,reads_count_840,reads_count_841,reads_count_842,reads_count_843,reads_count_844,reads_count_845,reads_count_846,reads_count_847,reads_count_848,reads_count_849,reads_count_850,reads_count_851,reads_count_852,reads_count_853,reads_count_854,reads_count_855,reads_count_856,reads_count_857,reads_count_858,reads_count_859,reads_count_860,reads_count_861,reads_count_862,reads_count_863,reads_count_864,reads_count_865,reads_count_866,reads_count_867,reads_count_868,reads_count_869,reads_count_870,reads_count_871,reads_count_872,reads_count_873,reads_count_874,reads_count_875,reads_count_876,reads_count_877,reads_count_878,reads_count_879,reads_count_880,reads_count_881,reads_count_882,reads_count_883,reads_count_884,reads_count_885,reads_count_886,reads_count_887,reads_count_888,reads_count_889,reads_count_890,reads_count_891,reads_count_892,reads_count_893,reads_count_894,reads_count_895,reads_count_896,reads_count_897,reads_count_898,reads_count_899,reads_count_900,reads_count_901,reads_count_902,reads_count_903,reads_count_904,reads_count_905,reads_count_906,reads_count_907,reads_count_908,reads_count_909,reads_count_910,reads_count_911,reads_count_912,reads_count_913,reads_count_914,reads_count_915,reads_count_916,reads_count_917,reads_count_918,reads_count_919,reads_count_920,reads_count_921,reads_count_922,reads_count_923,reads_count_924,reads_count_925,reads_count_926,reads_count_927,reads_count_928,reads_count_929,reads_count_930,reads_count_931,reads_count_932,reads_count_933,reads_count_934,reads_count_935,reads_count_936,reads_count_937,reads_count_938,reads_count_939,reads_count_940,reads_count_941,reads_count_942,reads_count_943,reads_count_944,reads_count_945,reads_count_946,reads_count_947,reads_count_948,reads_count_949,reads_count_950,reads_count_951,reads_count_952,reads_count_953,reads_count_954,reads_count_955,reads_count_956,reads_count_957,reads_count_958,reads_count_959,reads_count_960,reads_count_961,reads_count_962,reads_count_963,reads_count_964,reads_count_965,reads_count_966,reads_count_967,reads_count_968,reads_count_969,reads_count_970,reads_count_971,reads_count_972,reads_count_973,reads_count_974,reads_count_975,reads_count_976,reads_count_977,reads_count_978,reads_count_979,reads_count_980,reads_count_981,reads_count_982,reads_count_983,reads_count_984,reads_count_985,reads_count_986,reads_count_987,reads_count_988,reads_count_989,reads_count_990,reads_count_991,reads_count_992,reads_count_993,reads_count_994,reads_count_995,reads_count_996,reads_count_997,reads_count_998,reads_count_999,reads_count_1000,reads_count_1001,reads_count_1002,reads_count_1003,reads_count_1004,reads_count_1005,reads_count_1006,reads_count_1007,reads_count_1008,reads_count_1009,reads_count_1010,reads_count_1011,reads_count_1012,reads_count_1013,reads_count_1014,reads_count_1015,reads_count_1016,reads_count_1017,reads_count_1018,reads_count_1019,reads_count_1020,reads_count_1021,reads_count_1022,reads_count_1023
0,6,6,3,9,9,7,4,5,4,6,6,5,5,4,5,4,3,6,6,4,4,8,1,4,6,3,7,4,5,6,6,5,3,5,2,7,3,4,4,4,4,3,6,4,4,4,5,6,6,4,6,6,2,6,4,4,3,2,5,8,7,6,7,6,4,5,5,4,3,3,5,3,5,5,4,4,4,4,3,6,5,4,5,3,7,4,1,3,5,5,5,2,8,5,3,5,6,4,4,4,4,6,9,4,4,5,8,3,9,4,4,6,3,2,7,3,2,3,5,1,7,4,3,5,5,3,2,4,4,7,4,4,4,6,5,5,4,5,6,6,6,2,5,3,3,4,4,6,3,3,4,5,4,3,6,2,2,4,5,5,5,4,2,7,2,5,6,3,5,8,6,6,7,5,5,5,7,5,3,3,3,5,2,5,5,5,3,4,4,6,6,8,6,4,5,4,7,5,4,3,4,4,6,8,4,3,3,3,4,6,5,4,4,3,3,2,5,3,5,6,6,3,4,5,5,4,3,2,6,6,3,6,6,5,4,4,3,3,5,4,5,1,4,5,3,5,5,3,3,2,4,3,5,4,3,3,5,6,4,9,9,7,4,5,3,4,6,4,5,5,4,4,4,6,5,4,4,6,4,4,6,3,7,4,7,4,7,5,5,3,2,6,4,4,4,4,3,3,4,4,3,3,5,6,7,3,5,5,2,6,4,4,3,3,4,8,7,6,6,5,5,5,3,4,5,3,5,3,4,5,5,5,3,3,5,7,4,4,4,2,7,4,1,2,4,6,5,2,8,6,4,5,6,4,5,4,5,4,9,5,3,7,6,3,10,4,4,6,3,4,6,3,4,4,5,1,7,4,3,5,4,3,5,5,4,7,4,3,4,6,4,4,4,5,7,5,6,2,4,5,3,3,3,6,4,4,4,5,4,3,6,2,1,4,6,6,4,3,1,6,3,5,5,4,7,6,6,6,6,3,5,5,6,5,2,2,3,4,3,9,4,5,4,4,2,7,4,8,4,5,7,5,6,4,5,3,5,4,6,8,5,1,3,3,4,7,5,2,3,2,3,3,6,3,5,6,6,6,4,6,7,4,3,4,5,5,3,7,7,5,3,4,4,5,6,4,5,2,4,4,3,5,6,4,4,2,5,3,4,5,3,3,5,8,5,10,10,7,4,5,3,4,6,5,5,6,3,3,3,5,5,3,6,3,5,3,5,4,6,4,6,4,6,5,2,2,3,8,3,4,4,3,3,4,5,4,3,3,6,7,5,2,4,5,3,6,6,4,4,3,6,7,6,5,6,6,5,5,6,6,4,2,6,4,2,5,5,5,3,3,3,8,4,4,4,4,9,6,1,3,4,4,4,3,8,5,4,5,6,4,4,4,5,5,8,4,3,6,6,2,7,3,3,5,4,3,7,2,3,4,5,1,3,3,3,5,4,3,2,5,4,6,4,3,4,4,7,6,4,5,7,6,4,2,5,2,4,4,3,6,3,3,3,7,4,3,6,1,1,4,5,4,4,5,1,6,2,6,5,3,5,9,4,5,7,3,4,6,6,6,4,2,2,4,3,6,4,4,3,4,3,7,4,8,5,3,9,5,6,4,4,2,5,5,6,5,3,4,4,3,4,7,6,3,3,4,3,2,5,3,5,7,6,4,4,5,4,4,4,2,5,5,3,6,6,5,5,4,4,4,8,5,3,4,4,5,4,6,8,3,5,3,4,4,4,5,3,3,6,7,3,9,9,7,4,5,2,5,6,5,6,5,4,4,3,5,4,4,3,4,1,2,5,3,6,4,4,5,7,6,4,2,3,4,3,4,4,5,3,3,4,4,3,3,6,6,5,2,5,6,3,7,4,4,4,3,4,7,7,5,6,6,5,6,3,4,5,2,5,3,4,4,5,5,3,2,3,8,5,3,4,3,6,4,2,3,3,4,4,2,8,6,3,5,6,3,5,4,4,4,9,5,3,5,7,3,8,3,4,6,4,3,6,2,3,5,6,2,3,4,3,5,3,4,3,5,4,7,3,3,4,6,5,5,4,5,7,5,6,2,6,3,4,4,3,6,4,5,4,5,5,3,6,1,1,5,6,4,5,4,2,6,3,5,5,4,5,9,5,5,7,4,4,5,6,6,4,2,2,4,3,7,4,3,4,4,3,7,5,8,5,6,7,5,6,3,3,4,5,5,7,5,3,6,4,4,3,7,5,4,3,4,4,3,5,2,5,7,6,5,4,7,6,4,3,4,5,4,3,7,5,5,3,4,5,5,6,5,4,4,4,4,5,6,6,5,4,3,4,3,3,4,3,4
1,4,4,4,3,9,7,6,3,5,5,5,5,3,4,1,7,3,6,7,2,3,3,4,6,4,4,6,4,5,4,3,5,3,3,1,6,5,5,4,5,5,3,2,5,4,3,5,4,5,4,6,4,2,7,3,5,3,4,4,5,5,5,6,5,5,5,4,7,3,6,4,3,5,4,7,5,2,4,6,7,7,5,5,5,9,5,3,2,6,4,5,6,6,7,3,4,6,5,5,4,4,7,9,6,4,5,5,4,8,4,4,5,5,1,6,4,3,4,4,4,5,4,4,5,5,4,3,6,8,6,3,2,3,1,8,5,5,4,7,4,2,4,2,7,3,4,5,4,6,6,4,5,4,5,6,2,2,3,4,5,4,4,3,6,1,5,8,6,6,7,7,6,5,4,6,6,4,6,2,4,6,4,5,5,6,5,5,3,5,5,6,7,4,3,9,5,4,4,5,4,6,7,7,9,3,4,4,2,4,4,4,4,4,4,4,1,5,6,5,4,5,4,4,3,6,3,3,3,6,2,5,6,7,8,5,3,3,6,3,4,7,3,4,4,5,5,5,3,2,4,3,4,6,3,7,3,4,3,3,3,9,7,6,4,4,6,5,5,3,4,4,7,6,6,7,2,3,8,4,6,4,5,5,3,5,4,4,5,4,2,1,6,3,3,4,4,5,3,4,5,4,5,5,4,6,2,6,4,2,6,3,3,3,3,4,5,6,5,3,5,4,5,4,9,4,3,5,3,3,5,7,4,2,4,8,8,7,4,5,4,8,4,3,2,6,3,5,5,6,7,3,4,6,4,6,4,4,6,10,7,2,5,5,4,6,2,3,5,5,1,6,3,4,5,4,4,4,3,4,5,5,6,4,5,8,5,2,2,3,3,7,5,5,3,7,5,2,4,2,10,4,5,5,4,6,6,5,5,4,4,6,3,1,3,5,6,4,4,3,6,3,5,5,6,6,6,7,5,5,5,6,5,4,6,2,3,6,4,4,7,5,6,5,4,3,6,5,7,3,4,9,5,5,5,4,4,6,5,6,7,4,2,3,4,5,4,5,4,3,3,5,2,5,5,5,3,5,5,4,3,7,4,3,4,5,3,5,7,7,8,5,3,4,6,6,4,6,3,5,4,5,5,4,3,3,5,4,6,4,4,7,3,4,3,4,4,8,7,7,4,5,5,5,6,1,4,6,7,4,6,7,2,4,9,6,5,4,6,6,3,5,3,4,5,3,1,2,7,4,4,4,5,4,4,6,5,4,4,5,5,6,5,5,4,2,8,5,4,3,3,5,4,5,5,4,5,4,5,4,7,4,5,5,4,3,4,8,7,3,4,9,10,7,4,5,5,7,6,3,3,5,1,4,4,7,8,4,5,5,4,4,4,4,6,9,7,2,5,2,4,3,2,4,4,5,1,5,3,4,5,4,4,0,4,2,5,5,3,3,5,9,6,1,3,3,4,8,5,4,4,7,5,3,4,3,6,3,5,5,4,6,5,3,6,4,5,7,3,2,3,4,5,4,4,3,5,2,4,5,5,7,7,6,4,5,3,6,6,4,6,3,4,6,4,5,7,4,5,5,4,3,7,5,7,4,4,9,5,4,3,5,3,6,4,6,5,5,2,4,4,4,4,5,4,3,4,4,3,5,4,5,5,5,4,4,4,5,5,4,2,5,3,5,8,7,7,5,3,4,5,6,5,7,3,4,4,6,5,6,3,4,5,3,5,6,4,7,3,5,5,5,4,8,7,6,4,5,5,5,5,6,5,5,6,4,6,5,2,3,9,5,5,3,4,7,3,4,4,4,5,3,1,2,6,4,4,4,5,5,4,4,5,5,4,5,5,6,5,6,4,2,7,4,3,3,3,4,5,6,5,3,5,5,5,2,6,4,4,6,3,3,4,8,6,2,4,7,9,7,4,5,5,8,5,3,2,5,2,5,5,7,8,2,5,5,4,5,4,3,6,9,6,2,4,5,3,4,6,4,5,5,3,5,3,4,4,5,4,0,4,2,5,3,5,3,5,8,6,2,3,3,6,8,5,5,4,8,5,4,5,1,7,3,5,4,4,6,5,4,4,5,5,6,2,2,4,5,5,4,5,2,5,1,4,6,4,6,6,6,3,6,3,6,5,5,5,3,6,6,4,5,6,4,6,5,4,3,7,5,8,4,5,9,5,4,3,5,5,6,3,7,5,3,4,4,5,2,5,7,3,4,3,5,4,5,3,4,6,4,2,4,5,6,5,2,4,5,4,5,7,6,7,5,3,3,5,3,5,6,4,5,4,4,5,3,6,3,4,3,4,4,3,6,4
2,3,2,4,2,7,7,5,5,3,4,2,6,5,4,4,4,4,5,6,3,2,1,3,7,3,3,4,4,4,4,4,6,4,1,4,5,6,3,6,5,3,2,4,5,4,5,4,3,4,4,4,6,5,4,4,7,3,5,3,5,4,5,6,2,5,6,5,7,4,5,5,3,7,5,8,8,2,3,4,6,8,6,5,6,9,5,5,3,6,6,5,5,3,5,3,3,5,5,8,4,6,7,7,7,3,4,5,5,2,4,3,5,5,3,2,6,3,7,2,6,4,5,5,8,6,4,5,3,8,7,5,2,2,2,8,4,5,4,6,6,3,5,5,5,4,3,4,4,5,5,3,5,6,6,7,5,4,7,6,6,3,4,7,4,1,6,5,5,9,5,3,5,4,6,6,7,5,6,5,4,7,2,5,5,7,5,4,5,6,6,6,7,2,1,9,5,5,4,5,6,7,4,6,5,5,4,4,2,4,6,4,6,5,5,5,2,6,5,2,4,4,6,4,3,8,2,6,3,6,1,3,4,8,8,5,6,6,8,5,5,5,6,2,5,6,4,4,8,4,2,3,4,5,3,3,2,3,1,4,3,7,7,5,6,3,8,2,4,4,3,6,4,4,5,6,5,2,8,4,7,3,4,4,3,2,3,3,5,4,2,4,5,4,3,3,3,3,2,5,5,6,4,4,3,3,3,5,6,5,6,3,6,3,3,3,4,4,5,7,2,2,5,5,9,6,5,5,3,4,6,8,8,2,4,4,7,7,5,5,5,7,4,4,3,6,5,5,4,4,6,2,3,5,4,8,4,6,7,8,6,2,3,4,4,4,3,3,5,5,4,2,5,3,6,2,4,3,6,5,7,6,4,5,3,9,6,6,3,2,2,8,4,4,4,5,6,3,5,4,6,3,4,4,4,5,5,1,6,6,4,9,4,3,6,4,6,4,4,7,4,2,5,6,5,6,5,3,4,4,6,6,7,5,5,3,3,6,3,4,6,7,5,5,5,5,6,5,7,2,4,8,6,6,4,6,6,6,5,6,4,4,1,3,3,4,7,6,4,4,5,6,3,5,3,2,3,5,6,4,4,8,2,5,2,5,0,4,4,6,7,6,5,6,7,5,5,4,5,2,4,6,4,4,7,4,3,3,4,3,3,3,4,4,1,4,4,5,7,5,6,4,3,2,4,2,3,7,5,3,5,6,5,2,9,6,8,2,4,4,6,3,3,2,5,5,2,5,8,5,4,5,4,3,3,6,5,6,5,4,3,5,5,5,6,4,5,4,5,3,4,3,5,5,5,5,3,3,4,4,9,5,4,5,2,4,5,8,8,2,3,5,5,8,6,5,4,8,5,4,3,5,4,5,2,5,6,4,4,4,3,8,4,5,7,7,7,2,4,3,4,3,3,6,5,5,3,2,3,5,6,2,5,2,6,3,8,6,4,5,3,10,5,4,2,2,4,8,5,3,5,5,6,3,5,5,5,4,5,5,4,5,6,4,6,6,6,10,4,3,6,6,6,4,4,7,5,1,5,6,5,7,6,3,4,4,6,6,7,5,6,3,4,6,5,5,5,6,6,4,2,6,6,7,7,2,3,8,7,5,3,6,7,5,5,7,6,6,1,4,3,4,7,5,5,3,5,3,4,5,3,2,4,6,5,5,3,7,3,5,3,5,0,4,4,6,8,6,6,5,6,4,6,3,5,4,5,5,4,6,7,3,4,3,4,6,3,4,3,3,3,5,3,6,6,5,6,3,5,2,3,7,7,6,6,3,5,6,6,2,8,5,7,3,3,4,3,4,3,4,5,4,2,4,7,5,4,4,3,3,3,4,5,6,5,4,4,4,4,4,6,5,5,6,7,3,4,3,5,5,5,5,3,3,5,4,7,5,5,5,3,4,5,9,7,2,3,6,5,7,5,5,3,8,5,3,3,5,5,6,2,3,6,1,3,4,4,8,5,6,7,7,5,2,3,2,4,2,6,4,5,5,4,2,4,5,4,2,5,3,6,3,8,3,4,5,3,6,7,5,3,2,6,7,4,4,5,6,6,5,6,2,5,4,4,5,4,5,6,2,3,5,5,10,5,4,5,6,6,3,4,7,4,1,5,7,4,8,4,4,4,4,5,6,5,5,5,4,4,6,4,4,7,6,6,5,4,6,6,6,7,2,3,8,6,5,3,5,6,5,4,7,5,3,4,4,3,2,7,7,5,5,5,4,2,5,5,2,4,5,4,4,4,8,3,4,4,5,0,6,6,6,7,5,5,6,5,4,6,6,5,3,4,3,4,4,5,3,3,3,3,5,3,3,5
3,3,4,7,4,3,8,3,8,3,4,5,3,7,5,3,4,4,6,5,3,3,3,4,6,4,7,3,6,7,4,4,4,5,2,4,5,6,3,5,4,3,3,7,5,3,3,3,2,4,4,6,3,2,4,3,2,5,7,3,7,3,6,5,3,4,7,5,8,4,5,7,5,9,6,7,4,4,4,3,7,9,2,4,4,9,2,3,4,5,9,5,4,5,5,4,2,6,5,6,3,6,5,4,5,2,1,5,4,5,4,2,3,5,4,7,3,4,6,3,3,4,3,4,6,4,3,5,5,5,5,9,7,3,4,4,4,6,4,3,6,3,6,4,4,3,5,5,6,6,3,5,4,7,5,5,5,3,5,7,7,5,3,3,4,3,5,5,4,7,4,1,3,5,6,3,5,3,6,5,3,4,5,3,5,5,6,5,5,4,4,6,5,2,2,7,4,3,5,6,7,6,2,5,5,5,5,4,4,6,3,4,6,3,1,4,3,5,5,4,4,5,8,3,3,9,4,4,4,8,3,3,4,8,7,3,3,8,7,4,6,5,5,3,2,6,5,4,7,3,4,2,5,4,6,2,3,2,4,7,5,3,8,3,7,3,6,5,3,3,5,3,4,4,6,5,3,2,4,6,6,3,7,2,6,6,3,4,4,4,3,4,3,4,3,3,4,4,3,7,5,6,4,3,2,3,2,6,3,3,6,2,2,5,6,3,7,3,6,5,3,2,6,3,9,5,7,7,5,9,7,8,5,3,5,2,7,8,2,3,3,9,1,2,4,5,9,5,3,5,4,3,4,5,4,6,3,5,5,2,5,1,2,5,5,7,4,2,3,5,5,7,4,4,4,2,2,4,4,4,6,4,3,4,5,4,6,7,5,4,3,6,4,6,4,5,7,3,6,4,5,4,4,4,5,4,4,4,5,6,5,7,5,3,4,5,7,5,3,3,4,2,6,6,4,8,4,1,5,4,6,3,5,4,5,4,2,5,4,3,5,6,5,5,5,4,3,6,5,2,4,8,5,3,4,7,8,7,2,5,6,6,4,4,3,5,3,5,5,4,2,3,3,6,4,6,4,4,8,3,5,8,4,4,5,7,1,4,5,7,6,4,3,8,6,4,6,5,4,4,1,7,4,5,7,3,5,2,5,4,6,3,5,3,4,7,4,2,8,3,7,3,5,5,2,2,4,5,3,4,5,6,4,3,2,5,6,3,4,2,6,6,3,5,5,5,2,4,6,5,4,6,4,4,4,6,4,6,6,4,2,6,4,5,3,3,5,1,4,5,6,3,5,4,6,7,3,2,6,5,10,4,5,6,5,6,6,9,6,3,3,2,7,10,2,4,3,9,4,3,0,4,5,5,2,7,6,4,3,5,4,7,3,5,5,4,5,2,2,4,4,6,3,4,3,6,3,6,2,6,6,2,3,4,3,4,7,4,4,5,3,5,5,7,4,3,3,5,5,5,4,5,7,3,6,4,5,3,4,5,5,4,4,4,4,8,6,6,5,3,5,8,7,6,3,3,5,2,6,6,3,7,5,2,5,4,5,3,6,5,5,3,3,6,6,3,5,6,5,6,4,4,4,6,5,3,1,8,5,4,4,6,8,6,3,6,8,7,2,4,3,6,2,7,5,3,2,4,4,6,5,5,4,5,7,3,4,7,3,5,4,7,2,4,4,9,8,4,4,7,3,4,7,4,4,4,3,4,6,4,6,2,5,2,5,3,6,2,4,4,4,6,5,4,8,3,6,3,6,4,3,4,7,4,5,5,7,5,4,2,3,4,6,4,4,3,5,7,3,4,4,5,2,4,6,3,4,4,4,4,4,5,4,5,5,4,3,5,3,6,3,3,4,2,3,4,6,3,7,4,6,5,3,3,7,2,9,5,7,5,5,7,7,9,5,4,4,4,7,8,2,3,3,9,3,3,1,5,5,5,1,5,6,3,3,6,4,7,4,5,5,3,5,1,2,4,4,4,5,2,3,5,2,7,3,5,3,2,3,2,3,4,6,3,3,5,5,4,4,8,5,3,6,7,4,6,4,5,7,4,6,2,5,4,5,5,6,5,5,4,4,6,5,7,5,3,5,7,7,6,3,4,2,2,6,6,4,8,4,2,4,4,6,3,5,4,5,5,3,4,5,3,5,6,6,5,4,4,5,6,5,2,2,8,5,4,4,6,6,7,2,6,8,6,4,4,3,5,3,6,6,3,2,4,3,4,7,5,4,5,6,2,4,8,4,4,5,6,2,5,6,7,7,5,2,9,5,5,7,4,4,5,2,7,4,5,4,2,5,2,4,3,5,4,4
4,6,5,5,5,2,9,4,7,3,2,5,5,6,3,4,4,5,6,4,3,4,5,3,5,1,4,3,5,8,4,4,3,5,3,4,4,5,2,5,7,2,4,3,4,4,4,4,1,7,5,6,3,2,5,4,4,4,7,3,4,3,6,8,3,4,7,1,8,3,6,7,4,8,5,4,5,5,5,3,5,7,3,5,6,4,5,4,4,6,8,3,3,5,4,3,2,4,5,5,4,4,7,3,4,2,1,3,4,6,5,5,2,3,6,5,4,3,10,2,3,5,5,5,6,4,6,4,9,7,4,6,5,3,5,2,6,6,4,4,5,3,6,3,5,3,4,6,5,5,5,4,6,6,4,3,6,5,2,5,6,4,4,3,4,4,7,4,2,9,4,3,4,6,6,3,6,3,5,4,4,4,5,4,5,8,4,5,5,4,4,6,4,2,2,7,7,3,7,5,7,5,1,7,7,5,4,5,4,6,2,3,4,4,1,6,5,5,5,5,3,6,7,5,2,7,4,2,3,8,3,3,5,5,6,3,3,3,7,5,5,6,9,4,6,6,4,5,4,3,4,5,3,4,4,3,3,6,5,5,5,2,8,4,6,3,4,5,7,3,4,4,4,6,6,5,2,2,3,5,5,1,4,3,4,9,4,4,4,5,3,5,2,4,3,5,6,2,4,5,5,5,4,4,1,5,5,6,3,2,6,4,2,4,5,3,5,3,6,8,3,4,7,2,8,4,6,7,3,7,6,4,7,3,5,4,4,5,3,4,7,5,2,4,3,6,7,3,2,5,3,3,4,4,4,5,4,3,7,3,4,2,1,3,4,6,4,6,2,3,5,5,5,3,8,2,3,3,4,5,7,6,5,4,7,7,5,5,4,3,3,2,6,7,4,4,5,3,5,4,5,3,4,5,5,3,4,4,6,4,4,3,5,4,2,5,6,3,4,3,4,3,5,4,2,9,3,4,3,5,6,3,5,4,5,4,4,4,2,4,4,9,5,5,6,5,4,6,4,2,2,7,8,3,7,6,7,6,2,7,7,5,2,4,4,5,2,6,3,4,2,5,5,5,4,6,5,7,9,3,3,7,3,3,4,7,2,2,5,5,7,2,5,3,5,5,6,8,8,6,5,6,4,6,4,2,5,4,3,3,4,4,5,4,6,4,4,0,9,4,6,3,4,5,6,3,3,6,4,3,6,6,3,2,3,5,5,1,2,3,4,6,3,5,3,5,3,5,4,6,3,6,7,3,5,8,4,5,5,5,1,7,3,5,3,3,5,3,2,4,6,3,3,3,5,6,3,4,7,4,8,2,6,5,3,6,5,4,5,3,3,4,7,7,4,5,4,3,2,5,2,6,6,3,4,6,3,3,3,3,4,4,4,3,7,4,4,3,2,4,3,7,1,5,2,3,5,5,4,3,9,2,3,5,4,5,7,4,5,4,7,7,4,4,3,3,3,1,6,7,4,4,5,3,6,6,5,3,4,6,5,4,6,4,6,5,4,3,5,4,2,5,6,4,3,3,4,2,5,4,2,10,3,3,3,5,5,4,6,4,5,4,3,4,3,4,6,7,4,5,5,4,5,6,4,2,1,7,8,3,4,3,7,5,3,7,6,4,1,5,4,4,2,4,3,5,2,5,5,4,4,6,4,5,9,4,3,6,4,3,3,6,2,3,5,4,9,2,4,3,4,5,6,6,8,5,5,5,4,6,4,4,4,4,4,2,3,4,4,4,5,5,6,1,9,4,5,4,2,3,5,5,4,6,4,5,7,5,3,2,3,4,5,3,3,3,4,7,3,5,3,5,1,4,6,4,3,5,6,2,5,7,3,6,4,5,1,5,5,6,4,2,5,4,2,5,6,3,4,4,7,8,3,6,7,4,9,5,6,4,3,6,6,4,7,4,4,4,6,5,4,4,5,3,4,5,1,6,7,3,5,5,4,3,3,4,4,4,3,3,6,4,4,2,2,2,2,3,4,5,2,3,5,6,4,2,10,3,3,3,4,4,7,4,4,5,6,4,4,5,4,3,4,3,6,6,4,4,5,4,6,5,5,3,5,6,6,3,5,6,6,6,3,3,5,4,3,7,6,5,3,4,5,3,4,4,4,8,3,3,5,5,6,3,6,3,5,6,3,3,2,4,5,8,2,5,6,5,4,6,4,2,2,7,8,5,7,5,7,7,3,7,5,5,2,4,4,5,2,4,4,4,2,5,7,4,7,6,4,7,7,5,3,6,4,3,4,7,3,3,5,5,7,3,2,3,6,6,6,4,8,6,4,6,4,4,3,4,4,4,2,3,2,4,3
5,4,5,4,4,5,7,5,5,8,3,5,6,6,7,3,3,3,4,3,5,6,7,3,4,4,1,3,2,5,6,4,5,6,2,3,4,3,2,6,6,2,4,4,6,5,4,4,2,6,5,4,8,4,3,4,3,4,5,2,4,3,7,4,4,3,8,1,8,3,7,7,4,8,7,2,2,7,4,4,3,7,2,3,4,5,4,4,2,5,6,1,3,6,6,3,2,3,5,6,3,2,4,3,5,3,3,3,4,3,6,3,5,3,3,4,4,6,4,4,4,5,5,3,4,4,5,5,6,8,5,4,5,4,5,3,6,6,3,3,4,4,6,3,5,3,5,6,2,6,3,3,7,6,6,3,6,3,1,4,6,4,5,4,5,5,6,4,3,5,2,1,5,7,5,3,4,3,6,6,2,3,5,4,5,7,4,5,9,3,3,6,4,3,2,8,8,2,8,5,2,6,4,5,7,4,5,5,6,6,3,3,4,4,1,5,3,7,4,7,4,4,4,4,3,7,4,3,5,7,4,6,5,4,5,4,4,6,4,4,5,6,7,4,5,4,5,5,8,4,4,3,2,5,4,5,3,3,4,4,4,4,7,4,5,6,5,6,8,5,8,3,4,3,4,5,6,5,6,3,4,4,1,4,2,8,5,4,4,4,2,4,4,5,2,5,6,2,6,5,6,6,4,4,3,4,5,5,8,3,5,5,4,4,5,3,4,3,8,3,3,4,8,3,8,4,6,7,4,5,9,2,3,5,4,6,3,4,2,3,6,4,2,4,4,5,6,2,2,5,3,4,2,3,4,6,3,3,4,3,3,4,3,3,7,3,6,3,6,2,3,5,3,7,3,4,5,3,4,4,5,5,4,4,5,8,6,6,5,5,7,3,6,5,4,2,4,4,5,3,6,3,4,5,3,6,3,4,6,6,6,3,7,3,1,4,6,4,5,3,5,5,5,4,3,5,2,1,6,7,6,3,5,2,6,5,1,4,4,3,4,7,7,5,10,4,4,6,4,3,2,8,7,2,7,4,2,6,4,5,7,4,4,5,5,7,3,5,5,4,1,6,3,7,5,6,2,3,4,4,3,6,4,3,5,7,4,3,5,4,6,5,5,6,3,2,6,6,6,2,4,4,5,3,7,3,3,3,2,4,3,4,3,2,4,3,3,5,7,5,5,5,6,5,9,4,3,3,4,5,4,4,6,5,7,4,4,4,0,4,2,7,4,3,5,6,2,4,5,5,2,5,8,3,5,4,6,5,3,4,2,3,5,5,7,3,4,5,4,3,6,3,4,3,8,3,3,4,8,4,6,3,6,5,5,5,7,2,3,5,2,4,3,6,4,3,5,4,2,4,3,6,6,2,5,6,2,3,3,3,6,5,3,3,4,3,5,6,5,2,5,4,6,5,6,3,3,7,3,8,4,4,4,6,4,3,6,4,3,4,5,7,5,4,4,5,6,2,5,6,2,2,4,3,6,7,6,3,5,5,3,6,3,4,6,7,6,4,8,3,1,5,6,4,4,4,5,5,4,7,5,6,1,1,5,7,6,4,4,5,6,6,3,4,4,4,6,6,5,5,9,3,3,4,4,3,2,8,7,2,6,5,4,6,4,4,5,3,3,5,4,6,3,3,6,5,3,5,3,7,2,7,4,7,3,4,3,8,5,2,4,7,4,3,5,3,8,4,5,6,3,3,5,5,6,3,5,4,4,4,7,4,4,3,3,4,3,5,3,1,6,4,6,5,7,4,5,7,3,6,8,5,6,4,4,4,4,5,7,5,5,2,4,4,2,4,2,4,5,2,5,4,1,4,4,4,2,5,6,2,5,5,6,5,3,4,3,3,5,6,7,3,4,4,5,3,5,3,4,3,7,3,4,4,8,4,8,4,7,5,7,5,8,2,3,5,3,6,4,4,4,3,5,5,2,4,2,4,6,2,6,6,3,3,2,3,4,5,2,3,4,3,5,3,5,3,4,3,5,5,5,2,3,5,3,7,5,4,6,6,4,4,5,5,3,5,6,4,5,3,4,6,4,1,5,6,2,3,4,3,5,4,5,3,4,4,3,5,3,6,6,6,4,2,8,3,1,6,6,3,4,5,7,6,5,7,4,4,2,2,3,7,5,3,5,4,6,7,2,4,4,4,6,7,3,5,9,4,4,4,4,3,3,7,7,3,7,5,4,7,4,4,5,3,2,5,5,7,3,2,4,4,2,5,4,7,3,7,3,5,5,4,3,6,4,3,6,8,4,4,5,3,6,2,4,5,3,4,4,4,6,3,3,4,5,4,6,4,4,3,1,3,1,3,3
6,3,3,7,4,5,9,5,5,7,3,5,5,8,8,4,4,5,4,3,3,5,6,3,3,3,3,6,4,2,4,2,3,4,2,6,5,6,5,8,4,2,3,5,3,7,6,4,5,5,5,3,6,5,4,6,3,4,6,2,4,3,6,5,3,2,5,4,8,4,6,6,1,8,5,4,1,5,4,4,4,5,2,5,6,4,3,3,3,3,9,4,3,5,6,5,2,3,4,7,4,5,5,3,5,3,3,3,6,4,5,4,4,4,2,6,4,5,6,5,4,4,4,3,5,4,7,6,4,8,4,5,5,5,5,2,5,7,5,5,3,2,4,7,6,3,3,5,3,6,5,4,6,6,5,5,4,3,2,3,4,5,7,4,4,5,3,4,4,4,2,2,4,7,9,3,5,3,6,7,4,4,4,3,6,5,2,5,8,4,4,5,2,3,2,10,4,5,4,5,4,6,3,4,3,5,7,3,9,3,5,8,6,6,1,9,3,9,7,6,5,2,5,4,5,5,3,5,5,6,4,4,5,4,6,5,5,4,2,5,6,3,6,5,4,6,7,3,9,4,3,3,1,6,2,2,4,2,3,4,4,5,9,4,5,5,4,5,6,7,5,3,4,3,4,4,3,6,5,3,4,4,3,6,4,6,4,4,2,3,2,7,4,6,4,8,4,3,3,3,3,7,6,4,6,4,5,3,6,4,5,6,4,4,7,3,4,3,6,6,3,5,5,2,6,4,6,6,2,5,6,3,1,6,4,3,3,5,3,4,5,3,3,3,4,4,9,4,2,4,3,5,2,3,4,7,4,5,4,3,4,4,5,4,6,4,5,4,4,2,3,7,5,5,5,3,4,4,5,4,5,4,6,6,6,8,4,4,5,5,8,1,4,7,5,3,5,2,6,6,5,3,3,4,4,6,5,5,5,8,4,6,3,3,3,2,5,6,6,2,5,5,2,5,5,4,3,3,5,7,7,3,6,4,6,7,5,4,4,4,4,5,1,5,6,4,3,4,2,3,2,10,5,4,4,5,3,5,3,4,3,3,5,3,9,5,5,7,6,4,1,9,4,8,2,5,4,2,3,4,6,2,3,4,5,6,3,3,5,3,6,6,5,5,2,4,5,3,5,4,4,6,6,5,8,5,3,3,2,5,2,3,4,4,3,5,3,5,10,5,5,3,6,5,6,2,2,2,5,5,4,3,3,5,5,3,4,3,2,5,4,7,4,2,3,6,2,7,5,6,5,7,6,3,1,2,5,7,5,4,6,3,5,3,6,5,4,6,8,5,7,3,4,4,6,3,3,3,5,6,6,3,6,6,6,5,5,3,0,6,4,3,4,4,2,5,6,3,4,3,3,3,7,5,3,4,2,4,4,3,5,7,4,5,4,3,5,5,5,3,6,5,5,4,4,4,3,7,5,6,5,3,4,4,4,3,5,4,6,6,4,6,4,5,5,5,8,2,4,8,3,2,5,3,6,5,7,2,2,4,4,7,5,5,4,8,4,4,6,3,3,3,4,5,7,4,4,6,3,6,5,4,2,2,5,8,9,4,4,5,5,6,4,5,4,3,5,5,1,4,8,3,4,4,2,3,2,11,6,4,5,5,5,6,3,4,5,5,6,3,7,6,6,7,4,6,2,8,2,8,3,7,4,3,3,4,5,5,4,3,4,6,2,3,4,2,6,5,5,3,3,4,4,2,5,3,5,6,5,3,9,4,3,3,2,5,2,2,4,4,3,4,5,5,9,4,5,6,2,5,7,2,2,3,4,3,4,4,4,6,4,2,3,4,4,6,4,3,4,3,3,4,1,7,5,7,5,7,4,3,2,2,3,6,5,4,5,3,4,4,6,5,4,7,5,4,6,3,4,3,4,4,3,6,5,3,6,4,6,6,4,5,6,5,0,6,4,5,4,5,2,3,4,5,3,3,3,4,9,4,4,4,2,5,2,3,5,7,3,5,4,3,5,4,5,3,6,5,5,5,4,3,2,6,5,5,7,3,4,3,4,4,5,5,6,6,4,7,4,4,5,5,7,1,4,8,3,4,5,3,4,5,4,3,3,3,5,6,5,5,4,6,4,5,3,3,3,3,4,5,6,4,5,6,5,7,5,5,3,3,5,7,8,4,6,5,6,7,5,5,4,4,5,5,3,5,8,4,4,4,2,3,3,8,7,3,4,6,5,5,4,3,5,6,6,3,9,5,5,6,5,5,2,9,4,7,2,6,2,3,4,4,5,4,3,4,5,7,3,4,4,3,5,4,5,4,2,5,4,4,6,2,3,7,5,6,6,4,2,3,2,5,1,3,5
7,2,6,6,7,6,10,4,7,4,3,5,5,7,7,5,3,4,5,5,7,5,3,4,7,4,3,5,4,4,4,2,2,3,4,4,6,6,4,5,8,3,3,6,5,8,4,3,4,4,4,4,8,3,5,7,3,3,7,6,5,3,5,5,4,3,5,4,4,6,7,4,4,5,4,4,5,3,6,5,4,7,3,6,8,5,3,5,3,3,6,4,3,2,3,7,3,4,3,4,1,4,2,3,4,6,6,3,4,3,5,4,4,7,2,8,4,6,5,2,4,4,4,4,3,4,5,7,5,3,2,3,5,6,7,1,4,6,5,5,3,3,6,7,7,5,3,5,4,8,7,4,4,5,5,5,5,6,5,4,3,4,6,6,5,6,7,5,3,2,5,4,5,5,6,3,5,4,7,5,8,3,4,2,2,4,4,6,7,6,4,6,2,3,6,8,6,3,5,5,5,5,2,6,3,7,3,1,7,4,4,7,4,4,4,7,3,7,6,6,4,3,5,5,5,6,5,4,6,6,3,3,4,4,5,5,5,4,4,7,6,3,3,5,5,6,7,3,5,5,4,4,2,5,4,4,4,2,5,4,6,6,10,5,7,3,6,5,5,6,6,4,3,3,5,5,8,7,1,3,6,4,3,6,4,7,4,3,1,3,5,5,4,7,3,6,8,3,3,7,4,8,4,3,5,4,5,3,7,4,4,6,4,4,8,4,6,4,5,6,3,5,5,3,4,6,7,4,5,5,3,4,3,4,6,5,2,7,3,4,6,6,3,6,3,3,5,3,4,3,2,6,3,4,3,4,1,4,3,3,5,6,7,3,4,1,5,4,4,5,2,8,3,5,4,2,4,4,5,4,3,3,4,7,5,4,2,2,5,6,8,0,4,6,4,4,4,3,7,6,6,5,2,5,4,8,7,5,4,5,4,6,6,5,4,4,5,5,5,5,4,7,6,6,4,2,5,6,5,6,4,3,5,5,7,7,7,4,3,2,4,5,1,6,7,6,4,6,2,3,4,8,6,2,7,4,4,5,2,3,3,5,5,1,6,4,5,7,5,2,3,8,3,5,4,5,4,3,4,5,5,4,5,3,6,6,2,3,5,4,5,4,5,5,3,6,6,4,4,7,1,6,7,3,6,6,4,6,2,5,5,5,4,4,5,5,6,7,10,4,7,3,8,5,4,4,5,4,4,3,4,5,6,6,2,3,5,5,3,5,4,8,4,4,1,4,3,4,4,7,4,7,9,3,1,5,4,8,4,3,5,5,4,3,7,5,4,5,7,4,8,3,6,5,6,5,3,3,5,7,5,7,7,5,8,6,3,4,6,4,5,5,4,4,5,5,7,3,3,6,4,3,7,4,4,4,3,7,1,4,3,5,1,5,4,2,4,5,6,2,5,2,5,4,4,6,2,8,2,5,3,3,6,5,4,4,3,3,4,6,4,4,2,4,4,6,9,0,4,7,5,3,4,4,6,6,6,4,3,5,4,7,6,6,5,4,4,5,4,6,3,4,5,4,7,6,5,6,4,5,5,1,4,5,6,5,6,4,5,5,7,5,6,4,3,3,4,4,1,5,8,6,5,7,2,3,5,7,7,2,4,2,4,6,2,4,2,6,4,1,5,5,6,7,7,3,3,6,3,4,5,5,4,4,3,5,5,5,5,3,4,5,2,2,4,3,5,5,5,3,4,6,4,2,4,5,4,7,7,4,7,5,5,5,3,6,6,5,4,4,6,4,7,7,10,5,8,4,5,5,5,2,4,5,3,4,4,7,5,6,3,3,6,3,4,6,4,6,4,5,2,4,3,6,4,8,4,7,8,3,3,5,4,8,5,3,5,5,5,3,7,4,4,7,6,3,7,4,6,4,3,5,3,4,5,6,4,6,7,5,6,5,4,5,5,4,7,5,3,5,4,3,7,4,3,6,5,3,5,3,4,4,2,7,3,4,3,4,1,4,2,3,4,8,6,3,5,2,5,4,4,4,2,8,4,5,3,3,5,3,6,4,3,1,5,6,3,6,2,3,5,7,7,1,4,7,4,4,4,3,5,6,6,5,3,6,5,7,8,5,5,5,5,5,5,6,2,4,5,6,6,7,5,7,8,7,4,3,4,3,5,5,3,3,5,6,7,5,6,4,4,3,3,6,4,5,7,6,3,6,2,3,4,6,5,4,4,2,4,6,3,4,2,6,4,1,6,6,4,5,5,2,3,7,3,4,8,6,3,4,4,5,4,3,5,3,5,5,2,2,4,4,4,4,5,4,3,5,5,4,5,5,5,7,7,4,7,5,4,5,3,6,5,4,4
8,2,5,4,3,5,9,7,5,6,6,8,6,5,7,5,4,6,3,5,7,6,6,3,9,3,5,6,6,4,5,4,1,5,5,4,3,4,4,5,7,5,4,4,5,6,5,4,4,4,2,5,7,6,3,5,2,3,5,3,5,3,5,5,4,4,4,3,3,6,6,4,3,3,3,6,5,5,6,2,4,6,3,3,3,8,3,2,3,3,5,4,5,3,5,6,5,4,4,6,2,4,1,5,3,6,4,5,4,4,5,7,3,5,3,6,4,6,5,4,5,4,3,6,3,4,5,8,9,3,1,6,7,6,7,2,3,3,4,5,3,1,5,8,3,5,5,6,5,6,5,3,3,5,7,1,4,2,4,6,3,4,6,7,4,6,6,4,5,3,7,3,8,6,4,4,3,7,6,5,2,3,4,2,6,2,5,4,8,5,4,6,6,2,6,7,5,4,4,5,4,4,4,8,2,4,5,2,4,3,3,6,4,5,3,5,5,5,3,5,3,4,4,5,4,5,6,3,8,3,2,5,3,4,4,4,4,3,7,6,3,5,3,4,4,7,7,5,4,5,4,3,2,3,3,4,3,4,6,4,3,5,9,7,5,5,7,7,6,6,5,5,4,6,3,5,7,8,2,3,9,4,4,7,5,6,4,4,1,7,6,5,4,7,5,5,6,5,3,5,4,9,5,4,5,4,4,6,7,6,3,6,4,4,5,3,5,3,6,6,3,6,4,8,3,6,6,3,4,5,3,7,3,5,6,2,2,4,3,2,4,8,3,3,4,3,5,3,6,3,4,5,4,4,5,6,2,4,2,5,4,6,4,6,3,3,5,7,4,4,2,6,3,7,5,4,4,4,4,7,3,4,6,7,6,3,2,5,8,5,6,2,3,4,4,6,4,3,5,7,4,6,4,6,5,5,6,3,3,5,7,1,6,2,5,5,4,5,5,6,4,6,3,5,6,4,6,5,6,6,5,4,4,6,7,6,4,3,3,2,4,3,3,4,7,5,1,4,6,2,8,8,6,3,6,6,5,4,2,5,4,3,4,2,2,4,5,6,5,5,4,5,5,2,6,4,4,3,4,6,4,5,6,3,9,2,1,4,3,5,4,3,4,3,5,8,4,5,3,4,3,6,7,4,4,6,4,4,2,4,4,4,3,4,5,5,2,5,8,8,4,5,8,7,5,6,7,7,4,7,2,5,8,6,4,2,7,4,5,6,7,4,5,4,1,6,5,4,4,5,4,6,6,5,4,4,4,8,4,3,5,5,4,5,9,7,3,6,4,6,4,3,6,4,6,7,4,4,4,7,4,5,6,4,5,5,3,7,4,5,4,4,3,3,4,2,4,8,4,3,5,3,7,4,6,4,7,6,3,4,5,7,2,5,2,3,4,4,4,5,4,2,5,5,3,3,2,7,1,7,4,4,5,4,3,4,3,5,5,7,7,3,1,6,7,5,7,1,3,5,4,6,3,2,5,7,4,4,3,6,5,5,4,4,3,5,8,1,5,2,3,5,4,4,5,7,5,5,2,2,6,3,7,5,6,6,5,5,4,6,7,5,4,3,5,4,3,4,4,5,7,5,5,7,5,3,9,6,4,3,3,4,5,4,0,6,3,3,5,1,3,4,5,7,6,4,4,5,5,3,4,4,3,4,3,6,4,5,6,3,9,2,3,4,3,5,2,4,4,3,6,7,4,3,4,4,4,6,8,5,4,5,5,4,2,4,4,5,3,3,5,4,4,6,9,5,4,5,8,7,7,4,3,7,4,7,2,7,9,6,6,2,8,4,5,6,6,4,5,6,2,5,4,4,5,6,4,6,8,4,6,4,4,7,5,3,5,5,4,5,7,6,3,6,5,3,5,4,6,3,4,4,3,3,4,9,3,5,6,1,5,3,5,6,3,5,5,3,4,3,3,2,3,7,3,3,4,3,7,3,6,4,4,5,4,4,5,7,2,4,2,4,4,8,3,7,4,2,5,7,3,3,2,6,3,10,4,4,5,4,4,7,3,4,6,7,5,6,1,6,8,8,7,2,3,5,4,5,4,4,5,8,4,6,3,6,4,5,7,3,3,5,7,1,5,2,3,5,4,3,5,6,4,6,4,2,5,1,6,3,8,7,4,5,4,5,7,5,4,3,5,4,4,2,5,5,7,5,2,5,7,3,6,7,5,3,2,4,4,5,2,6,3,4,6,1,3,5,4,4,5,4,4,6,4,4,5,4,4,4,3,6,3,5,6,3,8,2,2,5,4,5,3,4,5,4,6,6,3,4,5,4,6,7,8,5,5,6,5,4,2,6,3,4,3
9,3,5,3,4,3,7,4,6,7,6,8,2,5,6,4,4,4,3,5,5,3,3,4,7,8,6,5,4,2,5,4,1,5,4,5,4,5,5,6,8,5,5,7,5,6,6,6,4,4,3,5,4,7,3,5,5,3,5,3,7,5,5,5,6,3,3,5,5,7,6,5,3,3,5,6,6,7,6,1,5,5,1,3,3,6,1,2,4,3,3,5,3,5,4,6,5,5,4,6,1,4,1,6,3,5,4,3,3,5,5,6,4,3,4,4,1,8,7,4,7,4,5,7,3,3,5,6,7,2,3,5,6,7,8,4,2,6,4,3,5,2,8,5,4,8,6,3,7,6,5,4,4,6,5,3,6,3,4,3,4,4,4,9,5,7,4,3,3,3,8,4,9,6,4,6,4,4,3,6,3,4,3,4,4,3,4,3,7,4,3,5,6,4,6,4,5,5,4,2,2,4,4,6,1,4,5,6,4,4,3,6,2,5,1,5,7,4,1,6,3,3,3,6,6,6,6,4,7,4,4,7,3,5,3,5,6,4,4,6,3,5,5,4,5,7,5,2,5,3,4,5,2,6,5,3,2,3,6,3,3,3,7,4,6,7,5,8,3,9,6,4,4,3,2,5,6,4,4,4,7,8,5,5,4,4,5,4,1,4,5,5,5,6,6,5,10,5,4,6,5,8,6,6,4,4,2,6,5,7,2,5,4,3,4,4,6,5,5,6,7,4,3,9,7,6,6,4,4,4,5,7,5,7,5,3,4,5,1,2,4,5,1,2,7,3,4,4,4,4,4,6,6,6,4,7,1,4,1,5,4,6,5,4,4,4,5,5,5,3,3,4,1,9,7,4,3,3,5,7,4,4,5,5,6,2,2,5,6,6,8,3,2,6,3,4,5,3,9,5,5,7,5,3,7,5,6,4,4,5,4,3,7,3,5,3,4,4,3,7,6,6,3,2,4,4,6,3,7,6,4,5,5,4,4,5,4,3,2,4,4,4,3,4,7,4,3,6,7,5,7,4,4,4,4,2,2,4,2,7,2,3,5,6,5,3,4,5,4,5,2,5,6,5,2,5,3,3,1,7,6,7,6,5,7,3,3,6,3,6,3,5,4,4,5,6,4,4,5,4,3,5,6,3,4,3,5,5,3,7,5,3,2,4,6,4,3,3,6,5,6,9,5,7,3,6,4,5,4,3,2,5,3,3,6,5,5,8,5,5,6,5,5,4,1,4,4,4,2,6,6,5,8,5,7,4,6,8,5,6,4,4,4,6,6,8,3,5,5,4,3,4,8,5,4,6,5,6,3,5,5,6,6,5,6,5,5,7,5,6,5,1,3,4,2,2,5,6,2,2,5,3,5,5,4,3,3,6,6,5,4,6,1,4,1,4,4,5,4,3,4,4,7,4,4,3,4,5,1,10,6,4,5,3,6,7,3,4,6,6,6,2,2,5,6,6,7,3,2,5,3,5,4,3,10,5,7,7,3,5,7,7,5,4,4,7,6,3,6,3,4,3,4,5,3,8,5,7,4,2,1,3,8,3,8,4,5,7,6,4,5,7,5,3,3,3,3,6,3,4,8,4,2,6,6,5,9,5,3,6,4,3,3,4,1,6,4,2,6,6,5,3,4,6,2,5,2,5,6,5,5,5,4,4,4,8,6,7,6,5,7,3,3,6,3,6,3,5,4,4,5,5,4,3,6,3,5,6,7,4,3,3,3,5,3,7,5,2,2,5,5,3,3,3,7,3,5,7,6,8,4,3,5,7,3,3,3,5,5,4,7,4,5,8,5,5,5,7,5,4,1,4,3,4,3,5,5,5,9,4,7,4,4,7,5,6,4,5,3,5,4,7,3,5,5,2,4,5,8,5,4,4,6,5,3,5,6,5,5,3,5,4,6,8,6,7,5,2,4,5,2,2,3,6,1,2,6,3,4,4,3,4,4,6,6,5,4,7,1,4,3,4,4,7,3,4,6,5,5,6,4,3,2,5,1,9,6,3,4,3,6,7,4,5,6,5,5,4,3,5,6,6,8,4,2,4,3,5,5,4,9,5,5,7,5,5,6,6,6,4,4,8,5,3,6,3,6,3,3,3,3,8,8,6,4,2,1,2,7,4,9,6,4,5,5,4,4,5,5,3,3,3,5,5,2,4,6,4,1,5,7,5,6,5,3,4,3,3,3,4,3,5,4,3,5,6,5,5,4,5,2,4,2,5,5,6,5,5,5,3,2,7,6,7,6,4,6,3,4,4,4,6,2,4,6,4,4,2,3,4,7,4,5,6,5,3,3,3,5,5,3,7,5,2,2
10,5,8,3,6,4,5,6,7,4,7,4,2,7,9,4,4,5,2,4,9,4,3,4,6,3,5,5,5,3,7,4,1,6,6,6,5,4,4,4,3,3,4,6,7,7,8,5,7,7,6,5,3,6,4,3,8,5,7,5,5,3,4,3,4,2,4,9,3,6,7,6,2,4,6,3,7,6,4,3,3,3,3,2,6,4,1,4,5,3,3,4,5,5,2,5,3,4,2,6,2,4,1,3,4,4,4,5,5,4,6,5,4,4,4,4,4,5,4,4,4,1,5,5,3,2,6,4,5,3,3,5,7,3,6,6,6,6,3,5,5,4,7,5,5,8,7,4,5,7,5,7,3,5,5,2,2,4,5,3,3,5,4,7,5,5,5,7,5,4,5,5,6,5,4,7,5,3,3,6,5,4,4,3,5,4,6,3,6,5,3,6,7,6,5,4,4,5,4,4,3,3,4,5,3,4,5,5,3,6,4,4,4,5,1,5,5,3,6,8,5,3,3,6,6,5,4,6,7,4,3,4,4,5,3,7,7,4,6,3,4,3,7,3,3,5,4,1,6,4,2,5,2,4,4,3,3,4,8,3,5,4,5,7,7,5,5,4,1,7,6,4,6,3,1,3,10,3,3,5,5,4,5,5,5,2,7,4,1,6,5,6,3,3,5,4,4,5,5,4,4,5,6,5,6,7,4,6,4,6,2,3,7,4,5,4,5,3,4,4,6,2,4,9,3,4,5,6,4,4,6,4,5,6,7,5,3,4,4,3,6,4,2,3,5,2,3,4,6,4,4,5,4,5,3,7,2,4,1,3,4,4,2,7,3,4,4,5,5,4,4,4,4,6,3,4,4,3,6,4,3,4,6,4,6,3,3,6,7,4,7,5,6,7,3,5,4,5,7,8,7,8,5,4,4,7,5,5,3,5,5,2,2,5,5,3,3,5,3,7,5,6,5,9,5,4,5,5,6,5,5,6,4,2,3,4,5,4,4,4,4,3,5,3,7,5,4,7,7,6,5,4,4,4,4,5,4,3,5,7,3,3,5,6,4,5,5,4,4,4,2,5,4,3,7,9,5,4,2,6,6,8,4,6,6,5,3,4,4,5,3,8,5,4,5,3,4,3,7,4,2,4,5,3,4,4,2,5,3,5,4,3,2,4,7,2,5,4,5,5,7,5,5,3,1,7,4,7,4,3,1,3,6,4,3,5,5,3,5,4,5,6,6,4,1,5,5,6,1,3,3,4,3,5,6,3,6,6,7,6,6,8,4,6,4,6,2,4,5,3,4,5,7,3,3,5,4,4,4,5,3,6,6,7,4,4,6,4,6,5,5,3,2,3,6,2,7,5,2,4,6,3,3,4,4,2,2,5,3,4,3,6,2,3,1,4,4,3,4,6,3,3,4,5,4,3,3,4,4,9,2,5,5,1,5,5,3,3,6,4,5,2,2,5,7,4,4,6,6,6,3,4,4,4,7,6,9,8,5,4,5,7,4,5,3,7,5,4,3,3,5,3,3,5,3,7,7,7,4,5,3,4,6,5,5,3,5,6,5,3,4,4,5,3,4,2,4,5,5,3,6,6,3,7,7,7,6,5,4,5,6,4,4,2,4,6,4,3,6,6,4,5,5,4,4,5,1,5,6,3,6,9,6,5,3,6,7,7,4,5,7,4,4,4,4,6,4,6,4,4,6,3,4,4,5,4,3,5,5,5,3,3,1,5,4,5,4,2,4,4,8,4,5,4,4,6,7,5,4,4,1,4,5,5,4,4,2,3,6,4,5,6,5,4,6,5,5,8,7,4,1,6,4,5,2,5,4,4,4,5,5,1,5,5,6,6,6,7,6,6,4,6,3,2,7,3,4,5,6,3,4,4,5,3,4,4,3,5,4,5,5,4,6,4,7,6,6,3,3,3,5,2,6,5,2,3,5,2,5,4,5,4,2,6,3,4,2,6,2,3,2,2,4,4,3,7,6,4,3,4,4,4,3,4,5,5,2,5,5,2,5,4,3,5,7,4,5,3,2,7,7,2,6,7,6,6,3,4,4,4,7,7,7,8,6,5,5,8,5,5,3,8,6,3,2,3,5,3,3,5,3,5,5,5,5,4,3,4,6,4,6,5,5,5,3,4,5,4,5,3,4,4,5,5,5,3,6,5,2,6,7,7,4,5,4,4,5,4,4,2,5,6,3,4,5,7,4,5,4,3,3,5,2,5,5,3,3,9,6,4,4,6,6,4,4,6,6,6,3,2,3,5,3,8,7,4,4,3,4,4,6,3,4,5,4,3,3,3,2,4,2,5,3,2,3
11,3,6,3,5,6,8,7,4,3,6,5,8,6,7,5,4,6,1,4,5,5,1,3,5,3,5,3,5,3,7,4,1,5,7,6,3,4,4,3,3,3,5,6,5,4,4,4,4,6,4,6,3,4,6,3,4,6,4,4,3,2,3,3,2,4,3,8,3,4,3,4,5,2,5,6,5,6,6,5,6,3,5,3,6,3,2,4,4,3,4,4,4,4,7,6,5,5,2,5,4,4,3,2,4,2,6,4,2,4,9,4,5,3,3,3,5,5,3,2,6,5,5,3,5,1,4,5,4,4,4,3,5,3,4,1,6,6,3,5,6,5,8,5,5,4,5,5,6,5,5,5,3,6,3,4,2,6,6,4,4,6,4,7,3,4,8,3,3,4,5,8,7,4,4,4,7,3,2,6,5,3,3,6,5,5,5,3,5,6,1,4,5,5,5,1,6,2,5,1,3,3,4,4,2,4,4,7,3,7,4,3,5,6,4,4,4,2,5,8,6,4,3,5,4,6,5,6,6,4,6,5,4,5,5,6,6,4,7,4,6,6,5,5,7,5,3,5,5,6,1,2,2,6,3,4,6,3,6,3,6,6,8,8,4,4,7,5,7,5,5,6,4,5,1,3,6,5,2,3,5,3,4,3,4,2,7,5,1,5,7,5,3,5,6,3,3,4,6,4,3,4,6,5,3,5,4,7,4,3,3,2,7,6,5,4,4,2,4,3,3,4,4,7,2,4,3,4,7,4,5,6,3,6,8,4,5,5,5,3,5,3,3,4,4,3,3,5,4,4,7,6,4,5,2,5,5,4,4,1,5,3,6,5,2,4,7,2,5,3,3,2,5,4,3,3,8,6,6,4,5,2,4,5,5,3,4,4,5,4,4,2,6,6,3,2,6,6,7,6,4,6,5,5,5,5,4,3,4,8,4,2,2,6,4,4,4,6,5,6,4,5,6,3,4,4,4,6,6,4,5,3,6,4,3,5,3,3,2,7,4,3,3,3,5,5,3,5,5,5,4,1,5,3,4,4,4,3,3,4,1,4,4,7,3,5,4,4,3,5,4,4,4,1,8,9,7,4,1,5,4,8,6,5,6,6,4,4,4,4,3,5,6,4,7,4,6,2,5,3,5,5,4,5,4,5,1,4,3,6,3,4,5,4,5,4,4,6,9,7,4,3,6,5,8,7,5,6,4,5,1,3,5,5,3,2,7,3,3,4,5,6,6,4,1,5,6,5,2,5,3,3,2,4,7,5,4,4,5,5,3,5,2,7,4,3,4,3,8,4,3,4,4,2,4,3,3,2,4,7,2,4,3,5,3,3,5,6,5,6,7,5,5,2,6,3,5,4,2,5,7,3,4,5,3,3,7,6,3,5,1,5,4,3,4,2,5,2,6,7,4,3,6,4,5,2,2,2,4,5,3,3,7,4,5,3,5,2,4,5,5,2,4,4,5,3,4,1,6,6,3,4,6,5,7,5,6,5,5,5,7,5,6,4,3,7,3,4,3,6,5,3,4,4,4,7,4,6,5,3,2,4,4,6,6,4,6,3,6,3,3,4,4,3,3,6,4,5,4,3,5,7,3,4,5,5,3,1,5,3,5,2,3,3,3,5,2,3,6,6,4,4,4,4,4,5,3,4,6,4,6,9,5,3,3,5,6,7,6,4,7,4,6,6,4,5,3,5,6,4,5,6,6,4,4,7,6,4,3,3,4,5,1,3,3,5,3,3,6,4,6,4,6,7,8,7,4,4,4,5,7,3,6,5,4,5,1,3,3,5,3,3,6,3,3,5,5,4,8,4,1,5,6,5,3,6,4,3,3,4,6,4,5,5,6,5,3,5,3,7,4,3,4,3,7,5,3,4,3,2,3,3,4,3,4,8,3,4,3,3,4,4,5,6,7,5,7,4,5,5,6,3,5,4,2,4,5,3,5,5,3,4,6,7,3,5,1,4,3,3,4,2,4,3,5,5,4,3,5,2,5,3,2,2,5,4,3,4,6,4,5,3,5,1,4,5,6,3,4,5,5,5,3,1,6,6,3,3,6,5,8,5,7,5,5,5,7,6,4,3,3,8,4,3,2,5,6,4,4,5,5,5,5,4,6,4,2,5,4,6,6,3,6,3,5,5,3,5,5,3,2,6,5,5,4,2,6,5,3,4,5,5,4,1,4,2,4,3,3,3,4,5,3,4,5,7,4,5,3,4,3,6,4,4,6,2,6,9,6,2,4,5,4,5,4,6,5,5,5,3,4,4,4,6,7,3,5,5,6,3,4,5,7,4,2,2,2,5,1,3,2,6,3,3,5
12,2,8,3,3,5,8,5,2,4,2,5,5,3,3,7,3,5,3,5,3,5,6,6,5,4,4,4,4,4,6,4,1,6,7,7,4,3,6,4,3,3,5,4,4,4,5,4,3,4,5,5,4,2,5,3,2,5,4,4,2,4,4,4,3,5,5,3,2,5,6,4,6,4,6,7,3,6,6,5,5,1,5,2,6,2,3,5,2,6,4,6,5,5,6,4,5,4,4,5,5,6,5,4,3,5,3,7,5,4,6,3,6,4,5,2,5,6,3,2,6,5,5,4,6,2,3,4,4,4,2,2,4,4,5,2,5,5,4,5,4,8,7,6,6,8,3,7,6,9,2,3,3,4,6,4,3,8,5,4,3,7,4,7,4,4,9,4,3,6,4,6,6,2,5,3,3,7,3,6,5,3,4,6,4,5,2,3,4,8,2,3,3,6,7,3,6,2,5,5,5,5,4,5,3,6,7,6,5,7,5,2,3,6,6,5,7,2,5,6,7,4,4,5,3,7,6,5,4,4,7,4,7,5,5,6,5,5,5,4,7,6,5,6,5,6,5,5,4,5,1,4,5,4,2,6,5,3,9,0,4,5,8,5,2,4,2,5,5,5,6,5,4,5,4,6,2,6,4,5,5,4,2,5,4,4,4,6,1,5,7,6,4,4,5,4,2,4,5,5,4,4,5,4,3,5,4,6,4,2,4,2,2,6,4,5,3,3,4,6,3,4,5,4,4,4,5,4,7,5,6,7,2,6,7,4,5,3,5,2,6,4,4,6,3,6,2,6,4,5,6,5,4,4,4,5,5,5,6,3,5,5,5,7,5,4,10,3,5,4,4,1,5,3,4,4,7,5,5,4,7,3,4,4,5,4,2,2,4,4,6,2,5,5,4,3,4,6,7,5,5,8,2,7,5,8,1,3,3,8,6,3,4,7,4,3,3,8,4,7,3,4,6,4,6,4,1,4,7,1,4,3,5,8,4,6,4,3,4,7,3,5,3,4,5,6,4,4,2,5,4,3,6,3,5,6,6,4,4,5,3,6,10,6,4,6,5,2,2,5,6,5,7,2,10,6,8,4,3,5,3,7,6,5,5,5,7,5,8,5,4,5,4,5,5,3,6,4,5,3,5,6,6,5,5,5,1,4,4,3,2,5,6,4,6,2,4,4,8,5,2,5,5,5,6,10,7,5,4,5,4,4,5,5,2,6,6,4,2,5,5,3,5,5,1,7,6,6,2,4,5,6,4,4,7,6,3,4,4,5,3,6,5,5,4,3,5,2,4,6,4,5,3,4,5,3,4,2,4,4,5,5,6,5,5,5,6,6,5,7,6,4,4,2,5,2,4,3,2,5,5,4,4,6,5,5,7,4,4,4,5,6,5,6,6,4,4,4,4,9,6,4,8,4,5,3,4,1,5,7,3,4,7,4,5,4,7,3,3,4,4,7,2,2,4,4,5,3,5,5,3,3,4,7,6,6,7,8,4,7,5,8,3,3,3,4,7,1,5,6,3,3,4,6,4,6,4,4,6,4,3,4,2,5,6,2,5,3,3,7,3,6,5,2,3,6,3,5,2,3,4,6,3,4,4,6,3,4,5,2,4,4,5,4,3,6,2,6,9,6,4,6,5,2,3,6,5,6,7,3,5,6,7,4,2,5,4,7,7,5,5,4,7,5,7,4,3,5,4,5,3,4,6,4,5,5,5,4,4,3,4,5,1,4,3,5,3,7,5,5,7,4,4,5,8,5,2,5,4,5,6,6,5,7,4,5,4,5,4,5,3,5,6,4,3,5,5,3,6,6,1,5,6,6,2,3,5,3,2,4,5,7,4,5,5,5,3,5,5,6,4,3,4,2,4,6,4,4,2,3,5,5,4,3,4,5,3,4,5,5,5,4,5,6,4,6,6,3,5,5,6,2,5,2,4,7,3,5,4,6,5,5,7,4,5,4,4,6,5,7,6,4,3,5,4,7,6,4,9,3,6,4,4,1,5,5,2,3,4,4,5,4,6,2,4,4,5,6,2,3,4,4,4,4,5,5,4,2,4,7,6,3,7,8,2,7,5,7,2,3,3,5,6,3,4,8,5,3,3,6,4,7,4,4,7,5,3,4,2,6,6,3,4,3,2,7,3,6,5,3,4,5,3,5,3,2,3,6,5,4,3,6,4,3,4,3,5,5,5,4,5,5,2,7,6,5,3,6,5,2,3,6,6,5,6,3,8,6,7,2,2,5,5,6,6,5,4,5,7,4,7,4,4,5,6,5,4,4,5,3,5,5,5,5,4,5,5,5,1,4,4,5,4,6,4
13,3,9,7,5,3,3,6,4,4,4,3,6,4,5,4,4,7,2,6,2,5,6,6,2,5,5,5,6,2,7,6,3,4,6,6,4,2,6,4,3,5,5,6,4,6,4,3,4,5,6,3,4,2,6,4,8,6,4,5,3,1,5,4,4,4,5,5,7,7,5,4,6,3,6,5,4,4,7,6,6,5,3,2,6,4,3,3,5,4,3,5,8,5,4,5,3,7,8,5,4,5,5,6,3,6,4,3,5,2,5,3,6,4,2,2,6,10,5,5,3,5,3,6,5,2,4,5,3,5,3,4,3,6,7,2,5,5,5,5,4,6,5,3,4,7,6,6,5,5,4,6,4,5,9,4,2,10,5,5,3,7,4,7,4,5,5,4,5,7,5,7,6,1,6,3,2,6,3,7,6,5,3,6,3,5,3,2,4,8,6,3,4,5,6,4,5,2,4,4,4,3,2,4,3,6,7,2,3,9,5,5,4,7,7,5,6,4,9,4,5,4,6,5,6,5,5,4,3,4,7,4,6,3,4,7,6,6,2,7,7,3,6,4,5,5,2,5,4,6,2,5,5,3,3,5,4,2,10,4,5,3,2,6,5,5,3,4,5,6,3,4,4,7,3,6,3,5,7,6,2,5,5,6,6,3,6,6,2,2,6,5,4,3,5,4,3,5,5,7,4,5,4,3,5,5,6,3,4,2,5,3,8,6,5,6,3,1,5,5,3,3,5,5,6,5,5,3,7,5,5,5,4,4,8,4,5,7,4,2,5,5,3,6,6,5,3,5,6,5,4,5,4,7,8,4,3,4,4,5,4,6,3,3,5,2,5,3,4,4,2,2,6,6,5,5,5,5,2,6,7,3,5,5,4,5,3,5,3,6,8,2,5,6,5,5,4,4,5,5,3,7,5,7,5,6,3,7,3,8,9,3,3,10,5,5,1,8,4,7,6,5,6,4,5,5,4,7,7,1,7,3,2,6,4,7,8,5,3,6,2,5,5,3,5,7,5,3,3,4,5,4,6,4,4,4,4,4,3,4,2,7,8,3,3,8,5,4,3,6,7,5,7,4,8,4,5,5,4,5,7,5,5,6,3,3,7,4,7,2,4,7,5,5,1,7,4,5,6,4,7,6,2,4,3,7,2,6,4,4,3,5,3,4,8,5,5,4,2,6,5,5,5,5,5,9,5,4,4,6,3,6,2,5,5,5,2,5,6,6,6,1,6,6,2,3,5,5,4,4,6,5,3,5,5,7,3,5,4,3,5,6,6,4,4,2,4,3,8,6,5,6,3,3,3,4,4,4,5,5,6,7,5,3,8,5,4,5,6,3,7,4,6,4,4,3,3,5,2,5,4,4,1,5,7,5,3,5,4,7,8,4,3,5,5,6,3,5,2,3,5,4,6,5,5,3,2,2,8,5,5,5,5,4,4,5,5,3,4,6,6,6,3,5,3,6,6,3,5,5,5,6,4,6,4,3,5,7,8,5,4,5,3,7,4,6,8,2,4,8,5,5,4,7,4,7,6,5,5,5,5,5,4,7,7,2,6,3,1,5,3,8,5,4,4,7,1,5,3,2,4,7,5,3,4,5,5,5,5,3,5,6,4,5,3,3,2,6,7,3,4,8,5,4,5,6,6,5,5,5,6,5,7,4,4,5,8,5,5,4,4,4,6,6,7,4,4,7,5,5,2,9,3,6,6,4,6,6,2,3,3,7,3,5,2,6,4,6,4,4,8,7,5,2,3,6,4,6,7,4,5,9,4,2,4,7,3,6,2,5,7,6,2,5,5,5,7,1,7,6,2,2,5,6,3,4,6,5,3,5,4,6,4,6,5,3,4,6,6,4,4,3,4,3,8,6,4,6,3,2,6,6,3,2,5,3,6,5,4,3,6,4,4,5,5,4,7,4,6,5,3,3,3,6,4,5,3,5,1,5,8,5,4,4,6,7,8,5,4,7,5,6,3,6,4,3,5,3,7,5,6,3,4,2,8,7,5,5,5,3,3,5,6,2,4,6,6,5,3,5,3,5,5,3,5,5,5,2,4,5,4,3,6,7,4,5,4,5,3,7,4,5,9,4,4,9,6,5,3,7,4,7,5,5,7,4,4,6,4,5,7,3,6,3,1,5,3,7,5,5,3,5,1,5,6,2,5,7,6,4,3,5,5,5,4,3,5,6,4,3,4,3,2,8,6,2,2,8,5,5,3,6,7,5,4,5,6,4,5,4,4,5,7,4,5,5,3,3,7,8,7,3,4,6,6,5,3,5,3,5,6,6,8,6,3,2,4,8,2,5,4,6,5,5,3
14,4,7,8,9,2,4,5,6,6,5,3,7,4,3,7,5,5,3,7,2,4,7,4,2,4,3,4,7,6,7,5,2,2,8,4,4,3,5,4,4,7,3,3,5,6,5,4,4,3,5,3,6,4,5,5,7,3,4,7,5,3,4,5,4,4,4,4,2,5,6,5,5,2,6,4,3,4,6,4,2,5,7,4,9,4,4,3,7,5,3,5,5,4,3,7,5,8,8,1,5,2,5,4,3,6,8,3,6,1,9,6,4,4,4,3,6,7,5,8,2,3,3,4,6,4,4,7,6,5,3,4,4,6,4,3,3,5,4,5,4,3,3,3,3,7,7,6,7,4,6,4,2,5,8,4,4,7,7,4,3,8,5,5,6,5,6,3,8,5,3,6,3,2,7,4,5,4,3,7,5,5,4,5,5,5,4,1,5,6,4,2,6,4,7,2,5,4,5,5,3,4,5,3,3,4,5,2,5,6,4,4,2,9,5,5,3,4,6,4,7,4,6,4,6,4,6,5,4,4,9,6,6,3,6,6,5,6,2,4,5,2,6,5,5,6,3,4,4,5,5,5,4,5,4,4,5,3,7,6,9,2,5,5,6,7,5,3,8,5,3,8,5,5,3,8,2,3,4,4,2,5,5,4,6,7,5,6,4,2,8,4,5,2,4,5,5,7,4,2,4,5,5,4,5,3,7,3,6,4,5,6,7,3,4,6,5,2,4,5,4,3,4,5,3,6,6,4,5,2,6,4,4,4,6,2,3,8,7,4,8,5,4,6,8,5,5,5,4,4,5,7,5,8,8,2,4,2,4,4,3,6,7,4,5,1,9,8,3,6,4,3,5,6,5,6,4,3,2,4,6,4,5,7,5,4,3,4,4,6,4,3,3,5,4,5,4,2,2,3,4,6,8,7,7,5,4,6,2,4,9,3,5,7,8,3,1,8,6,5,6,5,6,5,7,3,4,6,4,3,6,4,4,3,3,8,8,5,5,5,3,5,5,1,5,5,4,3,5,4,5,2,5,6,3,6,3,6,4,4,5,7,5,2,5,6,4,4,4,9,5,5,4,4,10,4,7,5,6,4,7,4,5,6,4,3,9,5,5,4,6,7,5,6,2,3,4,2,5,5,5,6,3,4,2,4,5,6,4,6,3,5,5,2,7,6,9,4,6,5,6,5,4,2,8,3,5,7,5,4,3,7,4,4,5,5,3,5,6,4,7,7,6,6,4,2,9,4,3,4,3,4,4,7,4,6,4,5,5,4,5,3,6,4,6,3,5,5,7,4,4,5,4,2,2,5,4,5,5,4,3,5,6,4,6,2,7,4,3,5,5,1,2,3,7,5,7,5,4,7,7,4,3,5,3,4,3,7,6,7,7,2,4,2,5,5,3,5,6,3,5,2,8,5,4,4,4,2,6,5,6,6,4,3,3,5,6,4,5,8,5,3,4,4,4,6,5,4,3,6,4,5,4,4,3,2,4,6,8,6,5,3,4,6,2,5,7,3,5,6,9,4,3,6,6,5,5,5,3,4,7,4,3,6,2,2,7,4,4,3,4,8,6,6,6,5,3,5,4,1,5,6,5,3,6,4,6,4,4,5,5,6,3,5,5,4,6,6,5,2,5,6,5,3,5,7,5,5,3,5,9,5,8,5,5,4,6,4,6,5,5,3,7,5,5,4,6,6,5,6,4,4,5,4,4,6,4,8,3,2,5,4,6,4,4,8,4,5,6,4,7,8,9,2,5,5,6,6,6,4,8,7,8,7,5,5,3,8,4,3,10,4,3,5,4,5,8,5,5,7,4,2,8,4,1,4,3,5,5,7,4,3,4,6,5,4,4,4,6,3,6,3,4,6,8,4,6,6,6,1,5,4,3,5,4,4,3,6,6,4,4,2,5,4,4,4,6,3,4,3,7,5,6,5,3,5,8,4,3,5,4,3,5,6,4,8,8,2,5,2,5,4,3,5,7,4,5,2,7,7,3,4,5,2,7,6,5,5,4,3,3,4,6,4,4,8,6,3,4,5,4,6,3,4,3,5,4,5,4,3,2,4,3,6,5,6,6,4,5,7,2,3,8,4,3,7,7,3,3,8,6,5,6,5,6,3,7,5,3,6,3,3,8,4,4,3,3,6,5,5,5,5,2,5,5,1,5,5,4,3,5,4,5,3,4,3,4,6,3,4,5,4,5,5,5,2,5,5,3,4,6,8,5,5,3,4,8,5,7,5,5,4,6,4,6,6,5,3,6,5,5,4,6,7,5,5,5,5,3,4,6,6,6,7,4,3,4,4,4,4,4,6,7,5,6
15,3,6,8,3,6,6,7,4,5,7,4,4,3,3,5,3,3,4,3,2,3,2,4,2,4,4,3,7,9,4,4,1,3,9,4,4,5,5,8,6,7,5,3,6,5,3,4,4,2,6,3,4,5,5,5,5,6,6,6,4,2,4,6,4,5,3,5,4,5,5,4,5,4,5,6,5,4,7,1,0,4,6,5,6,4,5,5,6,6,2,5,5,5,4,4,5,6,6,3,7,4,4,4,5,5,7,3,5,3,5,3,5,5,5,3,7,5,4,5,4,7,5,5,7,4,4,6,3,2,2,2,4,7,4,3,3,5,5,4,4,5,6,6,5,8,5,4,3,3,5,3,4,5,5,5,4,5,7,4,4,6,4,4,5,1,6,4,6,6,3,4,5,3,3,5,5,2,3,6,3,5,4,7,4,5,3,2,3,4,6,3,6,4,5,2,4,5,6,8,4,6,5,5,6,3,6,3,6,4,5,4,4,7,7,4,4,3,4,2,4,2,4,5,5,4,6,5,5,4,8,6,5,2,5,4,7,5,5,6,4,3,7,4,6,5,3,3,3,6,6,4,7,5,4,3,5,5,5,8,3,6,7,6,4,4,5,4,5,4,4,6,5,3,4,4,4,3,4,5,2,5,6,4,7,6,4,4,3,3,8,4,5,6,5,8,5,7,8,1,5,3,5,4,5,3,7,4,4,5,6,5,5,6,6,6,4,2,3,3,4,5,3,7,4,6,4,4,4,4,5,5,6,4,7,1,1,3,6,5,7,2,4,5,8,6,3,6,6,5,4,4,5,6,6,4,7,4,4,4,5,5,8,4,4,3,6,4,6,6,5,4,6,6,3,4,5,6,4,6,5,4,4,7,6,3,2,2,4,7,4,3,4,5,4,4,4,6,5,5,6,9,6,6,3,3,4,4,3,5,5,3,7,5,9,3,4,6,6,4,4,1,6,3,5,5,4,4,5,4,4,6,4,3,4,8,5,5,4,7,3,5,3,2,3,3,5,4,5,4,4,2,4,7,4,8,4,6,5,5,6,4,5,4,6,4,5,4,3,8,7,3,3,4,4,2,5,3,7,4,5,2,6,5,6,4,8,6,5,4,4,4,6,5,7,5,5,2,6,4,6,5,2,4,4,6,6,4,5,6,5,3,6,5,6,8,3,6,7,6,4,3,4,3,5,3,6,7,4,3,4,3,3,4,5,4,1,5,6,4,8,4,6,4,3,3,7,3,4,6,5,7,4,8,6,4,6,4,6,4,4,3,5,4,5,5,5,4,6,6,5,6,4,2,3,2,4,7,3,4,4,5,5,5,6,4,6,6,5,5,8,2,0,5,7,5,7,4,5,7,10,5,2,7,5,5,4,4,5,6,5,4,7,4,3,5,5,5,9,4,5,4,5,4,7,5,5,5,7,4,4,3,2,6,5,5,7,4,5,7,6,3,3,3,4,6,5,1,3,6,5,4,4,4,6,5,6,7,5,4,3,3,4,2,2,4,4,3,6,5,8,3,4,4,6,3,4,2,4,3,5,6,3,4,4,3,4,4,5,4,2,9,4,6,4,7,2,6,6,2,4,4,6,5,5,4,4,4,5,6,4,8,3,5,7,5,6,3,5,5,6,6,7,4,2,6,8,3,5,4,5,3,5,4,7,4,6,4,6,5,7,4,7,5,6,3,5,4,6,6,6,4,5,5,5,5,6,6,2,5,2,6,6,3,7,5,5,3,5,7,5,7,3,6,6,6,4,4,5,4,5,6,8,5,4,4,4,4,4,4,6,5,3,5,7,4,8,6,4,5,3,2,8,4,5,6,6,7,4,8,7,2,6,4,5,4,5,3,5,4,4,6,4,5,6,7,6,6,5,1,4,4,4,7,3,6,4,5,4,5,7,4,5,6,6,5,9,1,2,4,7,5,8,3,4,5,11,4,2,6,5,5,4,4,5,6,6,4,8,4,3,5,5,6,9,3,5,3,6,4,6,6,5,4,7,4,4,5,5,6,5,5,4,4,4,6,6,2,3,2,4,6,4,3,4,5,5,3,4,3,5,5,5,7,4,6,3,3,4,3,4,4,5,5,5,5,7,3,4,7,6,3,4,1,6,2,5,7,3,5,5,3,4,5,5,4,2,7,3,5,4,7,2,6,5,2,4,3,6,5,4,4,4,3,5,7,5,8,3,5,6,5,5,3,7,4,6,4,4,4,3,7,7,3,5,4,9,2,5,4,8,4,5,3,5,5,7,3,7,5,5,3,4,4,6,5,7,7,5,4,5,4,4,2,2,4,3,5,5,5,6,5,5,3,4
16,2,10,3,1,6,5,6,4,6,5,3,6,2,5,4,5,4,5,4,3,5,2,4,2,2,5,4,6,9,5,3,5,4,6,5,4,4,6,4,2,6,4,3,7,4,3,4,5,3,6,4,4,7,5,7,6,4,6,6,6,2,4,5,3,4,4,6,6,4,5,4,3,3,5,6,5,4,6,3,2,3,3,4,2,4,4,7,5,5,3,6,6,4,4,6,5,7,8,6,5,6,4,3,5,3,4,3,4,4,5,4,5,8,7,3,5,8,5,4,3,6,7,7,6,4,2,5,5,1,3,5,5,7,7,3,6,5,4,4,4,7,8,7,4,6,5,7,3,4,5,5,5,4,5,5,5,6,7,4,5,5,4,5,5,3,9,3,4,5,5,4,3,4,3,5,3,7,3,7,4,6,3,7,5,3,4,4,3,3,7,4,5,4,4,2,4,6,8,6,7,3,3,5,4,4,7,5,4,5,5,4,3,9,7,5,4,3,4,7,5,3,4,3,4,3,5,5,6,3,8,5,6,2,4,5,5,3,3,7,3,4,5,7,4,4,2,4,4,3,8,4,8,3,5,5,5,5,9,4,1,6,6,5,4,6,3,3,6,4,4,6,6,6,5,4,4,5,6,4,2,3,6,5,6,7,5,4,5,4,6,4,5,5,6,4,3,6,6,3,6,4,4,3,4,3,7,4,4,7,5,6,5,4,7,6,4,2,5,2,3,4,5,6,6,5,5,5,3,3,3,5,7,4,4,3,3,4,4,4,4,2,4,7,6,5,4,6,9,4,3,6,5,7,8,6,5,6,4,3,5,3,4,4,4,5,6,5,7,10,7,3,5,8,5,4,3,7,6,8,4,3,4,6,5,1,3,4,6,7,6,4,6,5,4,3,4,8,8,6,4,7,5,7,3,4,4,6,3,4,5,5,4,6,9,4,4,6,5,5,7,3,7,2,4,5,7,3,4,4,3,5,4,7,3,6,4,6,3,6,7,4,6,3,3,3,6,4,4,4,4,2,4,8,7,9,6,3,7,6,3,5,5,6,4,5,5,3,3,9,7,4,4,4,7,7,5,4,4,2,3,2,5,5,5,2,8,4,6,1,4,4,5,3,5,6,4,5,5,6,5,5,3,3,3,5,7,4,6,3,4,5,5,6,10,5,2,7,5,5,4,5,3,4,6,4,4,6,5,7,6,5,4,4,3,3,2,4,5,5,7,6,6,4,5,4,7,3,5,4,6,4,4,6,5,3,7,5,4,4,4,3,6,4,4,7,3,6,8,5,6,6,5,2,4,1,3,4,4,4,6,5,5,4,4,5,6,6,4,4,5,3,2,4,4,4,5,3,2,7,8,5,4,7,8,4,3,6,5,6,7,6,5,5,4,3,5,4,4,4,5,6,5,5,5,9,7,4,7,7,5,4,1,8,8,7,6,2,4,4,4,1,4,4,6,6,4,4,6,5,5,3,4,8,8,6,3,6,4,7,3,4,5,5,4,5,5,4,5,6,9,4,5,6,5,4,6,5,6,3,3,5,5,4,4,4,3,4,6,7,2,8,5,6,3,6,7,4,6,3,3,4,7,5,5,4,4,2,4,7,4,7,4,3,6,5,3,4,5,6,4,5,7,4,3,8,7,3,5,4,6,7,5,4,4,1,4,3,5,5,7,4,7,6,5,2,4,4,6,4,4,5,4,7,5,8,3,6,3,4,4,3,5,5,7,1,6,8,4,5,9,3,1,6,7,5,4,6,6,3,5,7,6,3,5,4,5,4,5,5,2,5,2,4,6,5,7,5,6,4,4,3,8,4,5,3,5,5,4,6,6,3,7,5,5,2,4,3,5,4,5,7,4,5,5,4,7,6,5,2,4,2,3,4,5,6,6,5,4,5,3,5,5,6,6,4,4,3,3,4,4,4,5,2,2,7,7,5,5,7,6,4,3,6,5,7,8,6,5,5,4,4,5,5,5,3,6,4,6,4,6,10,7,3,5,7,5,4,3,8,8,6,6,4,4,4,6,1,3,4,6,6,5,3,6,5,5,3,3,6,7,6,3,6,6,7,3,4,4,6,5,2,5,4,6,6,8,4,5,7,5,5,4,4,8,2,3,6,5,4,4,4,3,6,5,6,3,8,3,7,3,6,5,4,4,3,3,4,7,5,6,4,3,2,3,7,5,7,3,3,5,5,2,4,6,5,5,6,5,4,5,8,7,4,4,4,9,7,5,4,5,2,4,3,5,5,7,2,8,4,7,2,4,4,4,3,4,6,5,4,4,7,3,5,2,4,4,4,5,5,6,2,6,7,4
17,5,8,6,3,6,7,7,2,5,6,4,7,3,4,5,5,4,5,3,6,4,3,3,5,3,5,7,7,7,5,3,7,5,6,4,4,4,7,3,5,6,5,4,2,4,5,5,5,2,6,3,5,8,4,7,3,5,4,6,4,4,4,3,5,5,4,3,7,6,4,2,6,5,5,4,4,4,5,3,2,3,3,5,3,1,4,6,8,4,5,6,5,4,2,8,4,5,8,6,5,6,5,4,5,6,3,4,4,6,4,5,4,7,6,5,4,9,3,2,4,4,6,5,5,4,3,7,5,2,2,4,5,5,8,5,3,5,4,3,4,6,5,4,3,7,3,7,4,3,6,5,5,3,6,7,5,6,7,3,5,7,5,4,3,5,4,3,4,3,4,4,3,3,6,4,6,6,2,7,6,2,3,7,4,4,5,5,3,2,5,2,4,3,3,3,4,4,4,8,5,3,4,5,3,9,5,6,3,3,6,5,4,10,8,5,4,4,4,6,5,4,6,3,5,4,6,5,5,3,7,7,6,2,3,4,3,5,2,9,4,3,4,3,1,3,2,3,4,2,8,5,7,4,2,7,7,4,8,7,3,6,7,6,2,6,4,4,6,6,4,5,6,4,5,4,6,4,2,4,7,4,5,7,7,6,5,3,7,6,5,3,5,5,7,4,5,6,6,3,4,4,5,5,5,1,7,3,5,8,4,6,5,6,5,6,3,4,4,3,5,4,3,4,7,7,4,3,6,6,3,3,4,4,4,3,2,4,3,5,4,1,6,6,6,5,7,6,7,4,2,8,3,5,8,6,5,6,6,4,4,6,3,4,5,6,6,5,5,6,6,5,3,9,4,3,5,5,5,3,7,4,5,7,4,1,2,3,5,5,4,5,3,5,4,4,3,6,4,3,3,6,4,7,4,4,6,5,5,4,6,7,2,6,8,4,4,5,5,4,8,4,5,4,5,1,6,4,4,3,6,3,6,7,2,7,6,3,4,6,4,4,6,6,3,3,4,3,3,5,3,3,4,6,5,8,4,3,4,5,4,8,7,6,3,2,6,5,5,10,8,5,5,5,5,6,5,5,5,3,4,4,6,5,5,3,6,5,6,1,3,4,4,4,3,6,5,4,4,3,4,4,3,3,2,4,8,5,6,3,2,6,5,4,8,7,5,7,6,6,1,6,5,6,5,5,4,4,5,6,6,6,5,3,3,2,7,4,6,6,6,4,5,2,6,7,8,3,6,5,5,3,6,6,6,2,5,4,4,5,5,3,5,3,4,8,5,7,4,5,4,7,4,2,4,3,5,6,4,6,7,7,4,5,5,5,6,3,3,4,5,3,2,4,3,5,3,2,6,6,6,6,7,7,9,4,2,8,4,4,7,7,5,5,6,4,5,7,4,4,5,6,5,5,3,6,6,5,5,6,4,3,3,6,6,4,5,4,5,6,6,2,3,3,5,7,7,5,3,6,4,4,3,6,4,3,2,7,4,7,4,3,5,6,5,4,5,6,4,6,8,3,4,7,6,4,8,5,6,2,5,2,4,6,4,3,5,4,6,6,2,7,6,2,4,7,4,4,7,5,3,2,4,3,4,5,3,3,5,5,4,7,2,3,4,5,3,7,9,6,3,2,7,5,5,9,8,4,5,5,7,6,4,3,4,2,5,5,6,5,5,4,6,5,6,3,3,5,5,6,4,6,6,5,6,4,5,4,4,3,4,3,5,5,8,4,2,7,6,2,7,6,3,6,7,7,3,7,5,4,7,4,5,4,5,5,5,4,5,4,4,4,6,4,6,6,6,6,5,2,5,7,8,3,9,4,6,6,6,6,5,1,3,4,3,5,5,1,5,3,7,8,5,5,5,7,4,6,4,3,5,3,5,5,4,5,7,6,5,3,4,5,5,3,4,4,6,3,2,6,4,5,4,2,6,7,5,6,5,6,6,4,2,8,4,5,8,5,5,5,7,5,4,7,3,4,5,6,5,4,4,7,6,5,5,6,5,4,4,6,5,6,6,7,5,6,5,2,2,3,5,6,9,4,3,5,4,3,4,6,4,3,2,7,6,7,4,3,3,5,6,3,6,5,5,6,8,4,5,6,5,4,5,5,5,3,4,3,4,5,5,3,5,5,6,7,3,7,6,3,5,7,3,4,8,5,3,3,5,3,4,3,4,3,3,5,5,8,2,3,3,5,2,8,7,6,5,2,7,4,5,8,7,5,5,5,6,5,5,4,4,3,5,5,6,5,4,3,6,6,7,3,4,5,4,3,3,5,6,6,5,4,3,3,3,4,4,4,6,4,7,4,5,6,6
18,6,7,2,2,6,9,6,4,4,7,6,5,5,5,5,3,4,4,3,4,5,4,5,5,5,6,6,4,5,6,2,6,7,5,6,2,4,5,3,6,6,8,7,4,4,4,6,5,2,6,5,5,6,4,7,3,6,4,6,3,5,5,3,5,9,3,4,6,5,3,3,6,5,5,6,3,5,4,5,2,5,7,6,5,2,4,8,8,6,4,8,5,2,3,7,5,6,4,4,5,6,4,6,5,6,5,5,2,5,5,3,5,4,6,3,4,7,3,3,6,6,5,6,3,6,4,3,9,5,5,4,3,8,7,5,2,3,6,4,5,3,4,3,2,7,4,4,5,3,5,5,5,2,6,5,4,7,6,4,5,5,4,5,5,5,4,4,4,3,2,3,4,4,4,4,4,4,3,7,7,3,3,6,2,3,3,3,4,3,6,4,4,3,4,3,2,2,6,5,6,3,5,4,3,6,7,3,5,1,3,6,6,4,8,4,7,6,6,6,4,4,2,3,5,3,6,5,4,4,7,7,7,2,2,6,5,4,2,7,6,4,4,3,0,5,3,3,4,4,5,5,6,4,3,6,8,4,7,3,3,6,8,6,4,5,7,5,4,7,6,4,3,4,5,4,5,5,2,3,6,5,5,6,5,6,7,2,9,6,7,6,5,4,8,5,5,5,8,5,6,3,4,5,5,2,6,5,5,4,5,7,3,6,4,5,3,5,4,3,6,7,3,4,4,5,3,4,4,5,5,5,4,5,4,5,3,5,7,7,4,2,5,8,5,4,4,8,7,2,3,6,6,5,5,3,7,6,4,6,3,4,3,4,2,4,4,2,4,5,6,3,3,7,3,5,6,7,5,5,4,6,5,2,8,3,4,5,4,8,7,5,2,3,6,5,4,3,4,1,2,6,4,6,5,4,6,4,4,3,7,5,3,7,7,4,4,4,4,6,5,4,5,4,4,3,4,5,4,4,7,4,4,5,4,8,8,5,4,7,2,4,4,4,5,4,5,4,5,6,4,4,2,3,4,6,5,2,6,6,5,5,10,3,5,2,3,4,6,4,7,4,7,7,4,6,4,4,2,4,5,3,6,6,3,5,6,6,5,1,2,5,6,4,3,8,5,4,4,4,4,5,3,2,4,4,5,3,5,3,4,5,9,3,6,5,4,6,8,7,4,6,4,6,3,6,5,5,4,5,5,4,4,4,6,5,7,6,5,4,4,5,8,3,7,7,9,7,6,4,8,3,5,5,7,6,5,3,3,6,5,3,6,5,5,4,5,5,4,7,5,6,3,3,4,5,6,10,4,5,5,4,3,4,3,6,5,5,4,5,5,5,4,4,6,7,5,5,5,7,6,6,4,8,7,2,4,5,5,6,5,4,6,6,4,5,4,5,5,4,3,5,5,2,4,4,6,4,3,4,3,3,4,7,4,5,4,7,5,6,9,4,6,4,6,7,5,5,2,4,6,5,4,2,4,3,2,6,4,6,5,2,4,5,4,2,6,5,3,7,8,4,5,6,5,6,6,6,6,2,4,2,1,5,4,4,5,4,4,5,3,8,7,3,4,5,4,3,4,3,4,3,5,3,5,6,4,3,3,2,3,4,4,4,6,4,3,5,10,4,5,1,3,5,5,4,8,6,6,6,5,6,3,3,4,3,4,4,6,6,5,6,6,5,6,3,2,5,6,4,5,7,4,4,5,3,2,5,5,3,4,5,4,2,5,5,4,6,7,3,6,5,2,6,8,6,4,7,5,7,5,5,5,3,4,5,4,4,3,6,2,5,8,6,6,4,4,7,7,2,7,6,9,6,6,4,9,6,5,5,7,6,5,4,2,5,4,1,6,4,6,5,4,7,4,6,4,6,3,4,3,4,6,8,4,2,6,4,3,5,3,5,5,5,4,5,6,4,3,4,7,7,5,4,4,8,5,5,5,7,6,2,4,5,6,6,6,2,6,6,5,6,3,5,4,4,1,5,4,2,4,4,6,3,4,7,4,4,5,7,4,7,3,6,5,4,8,6,5,5,3,7,9,5,2,4,7,4,5,4,3,2,2,6,5,5,6,3,4,4,5,3,6,4,4,7,7,4,5,5,4,6,5,5,4,3,4,2,2,5,4,3,7,4,4,5,3,6,6,4,4,5,2,3,4,3,4,3,5,3,4,4,5,3,2,5,6,4,6,2,4,4,3,5,7,5,5,2,3,5,4,4,8,4,6,6,3,5,4,5,5,3,4,5,6,6,4,5,6,5,7,3,2,8,6,2,4,6,6,5,6,3,1,3,5,3,5,5,5,3,6,3,5,6,6
19,7,5,2,4,4,5,8,4,2,2,5,6,4,4,4,4,3,5,4,7,5,6,6,3,6,7,7,6,3,7,6,5,4,5,6,2,4,5,4,5,5,8,5,4,6,4,5,5,4,5,7,5,6,4,6,4,7,6,6,6,5,5,4,6,8,3,6,2,6,3,2,8,3,6,2,4,5,5,6,4,4,4,7,5,5,4,7,6,6,3,4,4,3,5,5,9,6,5,3,6,5,4,8,6,7,6,7,4,2,5,7,4,6,7,3,3,5,4,4,10,5,4,8,3,7,4,3,5,3,5,3,4,7,7,4,4,3,7,4,5,6,4,5,2,7,3,4,5,1,3,7,5,6,6,4,5,6,4,4,4,5,2,4,5,3,3,3,5,4,6,5,5,2,3,4,3,6,4,4,4,3,5,6,3,4,4,7,3,5,4,6,1,4,5,1,2,5,4,3,3,5,5,4,2,5,6,2,6,1,3,6,2,2,7,4,7,4,5,5,7,7,1,2,3,2,3,7,3,4,5,7,6,4,1,8,5,4,3,7,4,5,4,5,4,4,3,5,4,7,5,5,5,3,3,6,6,7,5,5,4,5,5,8,3,2,3,4,6,3,6,5,4,3,5,3,4,7,6,3,3,6,6,6,5,6,8,5,5,3,6,7,5,4,7,5,6,3,10,5,4,5,4,6,5,4,5,7,5,4,5,6,4,7,5,4,8,4,5,5,7,8,3,6,1,5,3,3,7,3,6,2,4,6,5,5,5,3,4,7,6,5,4,7,7,4,3,3,4,3,4,5,9,5,5,3,5,5,4,8,5,6,6,7,5,2,5,3,2,5,8,2,3,5,4,4,9,6,4,8,2,7,5,2,4,2,5,5,4,7,5,5,4,3,7,4,3,6,5,3,2,5,3,5,4,2,5,5,5,5,7,5,4,6,6,4,4,6,4,5,3,3,6,2,5,2,5,4,4,2,4,4,3,5,3,4,5,4,6,6,3,5,3,6,5,5,5,5,1,6,7,2,2,4,6,3,4,4,6,5,3,6,6,2,6,2,3,4,3,3,6,2,8,6,5,5,7,5,1,3,3,2,4,8,3,5,6,9,5,3,3,9,5,4,3,8,4,5,4,5,6,2,2,4,3,7,3,3,5,4,4,5,7,5,4,4,4,4,6,9,4,2,5,4,6,6,5,6,4,3,4,3,5,5,4,5,5,6,2,8,5,7,8,5,5,4,5,7,5,4,6,5,6,4,7,5,4,5,2,6,4,2,5,8,5,4,4,6,4,6,5,5,7,5,4,6,7,9,2,5,1,5,3,4,6,3,7,2,3,7,6,6,5,4,3,6,6,5,4,4,4,5,5,4,4,4,3,6,8,6,5,3,5,5,5,8,6,6,6,6,5,2,8,4,4,5,7,3,3,6,3,4,8,5,3,8,3,8,4,3,4,3,7,3,4,6,6,4,5,4,7,4,3,5,4,5,3,5,3,3,4,4,5,5,5,4,6,5,4,5,7,4,4,7,2,5,4,4,5,1,4,2,5,5,6,3,3,4,3,6,3,4,5,3,4,5,2,4,3,6,4,5,4,5,2,5,6,3,2,3,5,3,4,6,6,5,2,7,6,2,6,1,4,5,1,4,7,5,6,5,5,6,6,5,2,3,3,3,3,8,5,7,5,6,5,4,3,6,4,4,3,6,3,5,6,3,5,3,4,3,5,9,3,4,5,6,4,5,5,3,5,3,3,4,5,8,5,3,5,5,5,4,4,6,4,3,5,3,4,6,4,5,6,6,3,6,6,7,8,5,5,4,7,7,5,4,7,6,6,4,8,7,4,6,4,5,3,3,5,7,6,5,5,7,4,7,5,5,7,4,5,6,7,7,2,3,2,5,3,4,6,3,7,2,3,7,6,3,5,3,3,7,6,5,4,6,5,6,3,5,4,3,5,6,9,6,5,3,5,5,5,7,6,6,5,6,5,1,7,4,3,5,9,3,4,7,3,3,7,6,4,9,3,6,4,3,4,4,6,4,4,6,8,4,4,4,8,4,2,6,5,4,3,8,3,4,4,4,5,5,5,5,7,4,7,5,5,4,4,5,4,5,4,3,4,2,6,2,7,5,5,3,4,4,3,7,3,3,4,3,5,6,2,4,2,6,4,5,4,6,2,4,5,2,2,4,4,2,4,4,5,5,3,7,5,3,6,3,3,5,4,4,6,5,6,5,3,4,6,7,5,3,3,3,4,8,3,7,5,7,4,4,3,10,5,3,3,6,5,7,4,4,5,3,4,3,5,7,3,4,6,4,5,5,6
20,5,5,5,5,6,3,8,5,4,5,4,5,5,4,5,4,3,4,4,4,5,5,6,2,5,5,4,5,3,5,6,7,6,5,4,2,4,6,2,6,5,8,2,5,4,4,4,5,6,6,5,4,5,5,5,5,6,3,7,9,4,5,3,7,7,5,3,2,5,1,2,6,2,3,4,5,4,6,5,6,2,5,7,5,3,7,6,4,4,2,6,4,4,5,3,6,5,5,3,5,5,5,8,2,3,3,3,3,3,2,4,3,6,7,3,4,2,3,7,6,6,5,6,6,5,5,6,6,5,7,3,5,5,2,5,5,1,3,5,4,7,4,3,1,6,5,5,7,2,4,6,5,4,7,5,3,6,5,3,4,7,4,5,4,2,3,4,5,3,4,5,3,4,3,4,2,6,5,2,5,3,7,5,2,4,5,7,3,6,5,5,1,6,8,2,4,4,5,5,3,4,5,3,4,4,7,1,4,3,3,5,4,3,7,4,6,4,5,6,5,6,4,4,3,4,4,8,1,3,7,6,4,5,2,7,2,6,3,5,3,5,3,6,4,4,4,6,3,6,4,5,7,3,3,4,7,4,6,6,5,5,3,8,4,2,3,4,5,4,7,5,4,3,3,4,2,6,1,6,2,5,6,4,6,7,5,5,8,6,6,5,5,4,5,2,6,5,10,1,5,4,4,4,4,7,5,5,4,5,5,5,4,6,2,8,10,4,4,4,7,4,7,4,2,4,1,2,5,3,3,4,5,4,6,4,6,1,5,7,5,3,7,6,4,3,3,5,4,5,4,3,6,5,6,3,5,5,5,8,2,4,3,3,3,3,4,2,3,5,6,3,3,2,3,7,7,7,5,8,3,5,5,6,3,6,7,3,5,5,2,5,5,1,6,5,4,6,4,3,2,6,4,5,7,3,4,4,6,5,5,6,4,6,6,5,4,7,5,6,5,3,5,4,5,2,6,3,3,4,2,5,1,5,3,3,6,4,7,5,2,4,5,6,2,6,6,5,1,8,7,2,4,6,7,4,4,5,4,5,5,4,7,1,3,3,4,4,4,5,7,4,7,5,4,6,5,2,7,4,4,3,3,8,1,3,7,6,4,2,2,8,3,5,4,6,4,5,6,6,4,4,3,5,3,5,3,5,7,4,3,3,5,4,6,5,5,4,4,8,5,5,4,4,4,6,8,4,5,3,3,4,5,6,2,4,3,5,7,4,5,7,5,5,7,5,6,5,5,4,5,2,6,7,8,2,4,4,5,4,5,5,5,5,4,4,4,5,3,6,2,8,10,4,4,6,7,4,6,1,2,4,1,2,4,3,4,4,6,4,8,5,6,2,4,6,6,2,6,5,4,4,2,5,4,5,7,4,5,5,6,5,4,5,6,8,3,3,5,4,3,3,5,3,4,7,7,3,4,2,3,7,6,4,4,7,2,5,5,4,5,7,7,3,5,6,2,6,4,1,5,5,4,9,4,4,1,6,4,5,6,3,5,4,6,4,6,6,3,8,6,4,4,8,4,5,4,3,6,4,4,2,4,4,5,5,2,6,2,5,4,1,7,3,6,5,3,5,5,6,2,6,5,5,2,7,7,3,4,6,7,3,4,6,7,4,5,5,7,1,5,2,5,5,4,5,7,6,6,3,6,6,4,3,4,4,3,5,3,8,3,5,5,5,4,3,3,6,4,5,3,3,5,5,7,5,4,4,4,5,3,6,2,5,8,3,3,2,6,5,5,4,4,4,4,8,5,2,6,4,4,6,5,5,4,3,4,4,5,6,3,4,4,5,6,4,6,6,5,5,7,6,7,5,5,5,5,3,6,6,9,2,5,4,5,5,5,5,6,5,5,4,5,4,3,6,2,8,9,3,6,5,7,3,6,5,2,4,2,4,5,3,4,3,5,4,6,4,6,1,5,7,6,2,7,6,5,4,2,7,4,4,5,4,6,5,6,4,4,6,5,8,3,3,3,3,4,4,5,2,4,6,6,4,4,4,3,7,6,5,4,6,3,4,4,4,3,6,7,3,5,6,3,7,5,1,5,5,4,6,4,4,1,6,5,3,7,5,4,4,6,4,7,4,4,6,6,4,4,8,7,5,5,3,4,3,5,2,6,4,4,4,2,5,4,4,3,2,6,4,5,4,3,5,4,6,2,6,4,5,2,6,7,2,4,5,5,2,4,5,5,3,7,5,5,2,5,3,4,5,5,6,6,6,6,6,2,5,5,5,5,4,3,4,2,8,2,5,7,5,4,3,3,8,3,5,4,5,4,7,3,6,5,6,4,4,4,5,3,5,8,3,3,3,4
21,7,5,7,6,7,5,8,8,5,6,5,2,7,5,4,7,3,3,4,1,5,4,9,5,4,4,4,3,4,7,7,8,5,7,4,4,5,6,4,7,5,7,3,4,3,4,5,5,4,6,8,2,6,5,5,5,6,3,6,8,4,4,4,5,4,4,3,2,5,1,6,6,5,4,5,7,3,5,5,6,1,7,6,7,3,7,5,4,5,3,5,4,5,3,5,9,5,4,2,8,3,6,7,6,4,1,4,5,6,3,7,5,4,6,6,5,2,3,6,5,6,6,4,4,4,3,4,2,6,5,6,6,6,4,4,5,2,3,4,5,8,3,3,6,4,5,3,4,4,4,6,6,4,6,4,4,6,4,4,6,7,3,4,4,5,3,4,5,3,8,4,3,2,4,8,3,3,3,1,2,4,6,4,7,2,6,6,1,5,4,6,6,6,7,1,4,7,4,3,6,5,6,4,3,3,5,6,6,4,3,5,4,4,6,6,7,5,4,1,5,4,4,4,5,2,6,8,4,3,5,7,5,3,3,2,3,4,4,4,4,5,4,6,2,4,5,3,4,5,5,4,9,3,4,2,6,7,6,7,7,6,5,9,8,3,5,5,2,5,5,5,5,3,3,4,0,5,5,6,5,4,4,4,6,5,7,7,7,5,7,4,4,4,5,4,4,5,7,7,4,4,4,5,6,5,5,8,3,6,5,5,5,5,3,7,8,6,3,5,6,5,5,3,3,4,3,6,6,6,4,6,6,3,6,5,6,1,7,6,4,3,7,4,5,5,5,5,4,6,3,5,9,5,5,1,8,4,6,7,4,6,1,3,8,7,4,6,5,3,6,6,4,3,2,7,5,4,5,5,3,4,2,4,2,5,4,4,5,6,3,4,5,2,5,4,6,7,3,3,6,4,4,3,4,5,5,6,7,4,5,4,3,7,4,5,6,6,3,5,4,4,2,5,5,2,7,4,3,2,3,8,3,4,3,1,4,5,7,5,4,2,6,6,1,6,5,5,5,8,6,0,3,6,4,3,5,5,6,4,6,4,3,6,5,5,2,3,4,5,5,7,6,5,5,3,5,3,8,4,5,2,6,6,4,3,5,6,4,2,3,4,4,4,4,5,4,4,5,5,2,4,5,3,2,6,6,4,9,3,2,2,4,7,6,5,9,6,4,8,8,4,4,5,3,3,7,5,6,3,3,4,3,5,6,4,5,4,5,4,5,4,7,7,7,4,8,5,6,5,6,4,4,5,7,5,4,4,4,5,5,4,5,8,4,6,4,5,2,5,3,7,8,5,3,6,6,4,7,3,3,5,2,6,5,5,4,6,6,3,7,5,6,3,7,7,6,2,6,5,4,5,6,4,4,6,3,4,8,5,5,2,7,3,5,7,5,6,3,3,7,5,5,6,5,5,6,7,6,1,5,8,6,5,5,5,2,4,2,4,2,7,4,5,6,6,1,4,5,2,5,5,6,8,3,3,3,5,5,3,4,6,4,6,6,3,6,4,4,8,4,4,5,7,3,5,4,4,4,6,5,3,5,4,3,2,3,7,3,4,5,0,3,3,5,5,6,2,4,6,1,5,4,5,5,6,7,1,3,7,6,2,6,7,6,3,4,4,4,6,6,4,3,3,3,6,6,6,6,3,5,2,5,2,8,4,4,2,5,7,3,4,5,7,4,1,3,4,5,5,4,4,5,5,4,5,2,4,5,3,3,4,4,3,9,3,3,3,5,8,5,7,7,7,5,10,8,4,5,5,3,7,5,6,6,3,3,4,2,5,6,7,5,4,4,4,6,4,8,6,7,5,8,4,7,5,5,4,5,5,6,8,4,3,4,5,5,5,6,7,2,6,4,5,2,5,3,7,8,5,4,5,5,2,5,4,3,5,1,5,5,6,4,5,6,3,6,5,3,4,7,6,8,3,7,4,4,6,5,5,4,5,3,5,8,5,5,2,7,3,6,7,5,5,1,4,7,6,3,6,5,3,6,7,5,2,3,8,5,5,4,4,4,3,1,4,2,5,5,5,6,6,2,5,4,1,3,5,6,7,3,3,3,4,5,4,4,4,4,4,7,4,5,3,3,7,4,5,6,7,3,3,3,4,2,5,5,4,6,5,3,1,4,8,5,4,3,0,4,4,5,3,5,2,5,6,2,6,3,5,5,6,8,0,3,7,4,3,5,5,8,3,5,4,4,6,6,5,2,4,4,6,4,7,6,7,4,2,5,4,8,4,5,2,4,8,3,2,5,7,4,2,3,4,4,4,4,8,4,5,2,5,5,7,4,3,3,5,3,5,9,4,3,3,4
22,6,4,5,9,5,2,7,4,4,7,5,5,7,4,4,6,5,3,7,2,6,2,4,7,5,7,2,3,5,4,6,9,7,8,3,4,4,5,6,6,7,7,6,7,3,4,7,7,3,5,5,3,8,5,3,6,4,4,4,8,5,3,4,8,5,5,7,2,6,3,3,6,5,5,5,6,3,5,6,4,3,2,6,7,4,5,8,5,4,3,3,2,3,4,4,7,3,5,3,9,6,6,3,5,5,4,2,4,3,5,7,6,4,7,8,6,3,3,7,5,7,7,3,6,6,5,4,2,5,6,4,8,4,4,6,7,1,4,3,4,2,1,4,6,2,6,5,4,4,2,8,4,3,4,4,7,4,6,2,6,5,2,4,4,6,3,4,7,3,5,5,5,4,3,4,3,6,5,3,5,7,6,3,5,3,4,5,3,5,1,4,5,5,5,2,4,8,2,4,3,7,7,3,1,3,5,7,3,2,3,3,4,6,7,4,8,2,4,3,3,5,3,5,3,2,6,6,3,4,6,7,4,4,5,3,2,7,3,5,3,5,5,5,4,3,5,4,4,4,6,5,7,4,5,3,5,7,4,5,8,5,2,7,4,4,6,5,5,3,4,4,5,6,2,6,2,6,7,4,7,4,7,1,5,4,5,7,9,6,7,3,4,2,6,6,3,7,6,5,7,2,3,7,7,3,5,5,3,8,5,4,8,4,4,4,5,6,3,5,7,6,5,7,2,6,3,3,5,5,5,6,6,3,5,5,6,1,2,6,4,2,6,7,6,4,5,3,2,4,5,5,8,3,4,2,9,6,6,4,4,6,4,2,8,3,6,7,6,4,7,9,7,3,2,7,5,6,5,2,4,6,4,4,1,5,4,3,7,4,4,5,5,1,2,3,4,4,1,4,5,3,8,4,4,5,4,6,5,2,5,4,7,4,5,2,6,5,2,4,4,6,4,4,7,3,7,5,4,4,2,4,3,5,6,3,7,7,6,4,6,3,5,5,2,5,1,6,4,7,5,0,2,5,3,4,3,6,7,2,3,4,6,6,2,3,1,4,3,6,7,3,7,2,6,1,3,4,5,5,4,2,6,6,3,4,7,7,3,4,5,3,1,6,3,5,3,5,6,5,4,3,4,3,3,5,6,4,7,4,4,3,5,6,5,4,9,5,1,6,4,4,3,5,5,0,5,4,5,5,3,6,3,6,6,4,8,4,5,1,4,4,6,6,9,5,8,3,6,4,5,6,4,6,7,5,7,2,4,7,8,3,5,4,4,8,6,2,4,3,4,4,5,5,3,5,7,5,5,1,2,6,3,2,3,6,5,6,6,3,5,6,4,1,2,7,4,2,6,7,4,4,6,3,2,5,5,5,8,4,4,1,9,5,5,4,4,4,3,2,7,3,7,6,6,3,7,7,8,2,3,7,4,9,5,2,4,6,3,3,1,7,4,6,8,3,2,5,5,1,3,4,4,4,1,4,5,4,6,5,4,5,3,7,5,3,4,4,5,4,6,2,5,5,3,6,5,5,5,3,8,3,5,6,4,4,3,3,3,4,5,3,6,7,5,3,5,3,7,6,2,4,2,5,4,6,5,1,3,7,4,5,4,7,8,2,3,5,3,7,3,2,2,3,4,5,6,4,7,1,7,1,3,6,6,5,3,2,6,7,5,4,7,8,3,3,4,4,2,8,3,3,3,6,5,6,4,3,3,4,3,4,6,4,7,5,4,3,7,6,4,5,8,5,2,8,4,3,4,5,5,6,5,4,5,5,3,6,3,6,9,4,8,5,5,2,4,2,6,5,9,7,9,3,6,2,5,6,4,7,6,6,7,3,4,7,8,5,6,5,3,8,5,3,4,3,4,4,6,5,3,4,6,4,5,5,2,7,3,2,4,5,5,6,5,3,5,6,3,2,2,6,6,3,6,7,5,4,5,3,2,4,5,6,8,4,4,2,10,5,6,4,4,2,4,3,8,5,5,7,6,4,7,9,7,2,3,7,4,7,5,3,5,6,3,4,1,5,5,6,8,3,3,5,5,1,2,5,5,1,1,4,6,2,7,6,4,6,4,6,5,2,4,4,6,4,6,2,6,5,2,4,3,5,4,4,7,3,9,6,5,3,3,4,3,4,6,3,4,7,5,3,6,3,5,5,4,6,2,4,4,5,4,0,3,5,5,4,3,7,8,2,2,5,3,7,3,3,3,3,5,7,6,4,7,3,4,3,3,6,6,5,3,2,6,6,4,4,6,9,4,4,5,3,2,6,3,6,4,8,5,5,2,3,4,5,3,4,5,4,9,4,5,3,5
23,6,5,3,7,4,1,5,3,3,5,2,5,4,6,9,7,5,3,4,3,6,4,5,6,5,3,4,5,8,4,7,7,6,5,4,6,3,4,7,3,7,3,7,5,3,4,5,7,4,2,3,3,5,5,5,5,3,3,5,5,4,4,4,8,4,5,8,1,5,5,6,2,4,4,6,4,3,5,6,5,7,3,6,4,2,7,8,5,2,5,8,3,4,5,5,7,3,6,4,6,4,5,2,3,5,4,2,4,5,3,4,6,3,4,5,4,5,4,9,6,4,7,4,4,4,7,4,4,6,4,3,6,3,5,8,6,4,4,4,3,6,5,2,6,4,3,3,4,5,2,7,5,4,5,7,4,4,5,2,6,4,4,2,2,5,2,3,5,5,3,3,5,4,3,5,4,7,7,5,6,7,5,4,5,4,5,6,1,5,5,4,3,5,4,2,4,2,4,6,6,4,6,3,5,5,3,5,4,5,3,4,3,5,6,4,8,3,2,4,6,4,4,6,6,1,8,4,2,3,6,5,3,5,3,4,2,5,3,4,3,8,4,5,5,3,3,6,3,4,5,5,6,6,7,5,7,5,6,4,6,5,1,5,3,4,5,2,5,3,6,5,5,4,3,2,2,6,3,5,6,5,4,5,5,5,5,7,9,6,5,4,2,3,6,7,4,5,2,3,5,3,3,5,7,4,2,3,3,5,5,4,6,2,3,7,3,5,4,4,7,4,5,7,2,5,5,6,2,4,3,6,4,3,6,7,3,4,3,7,4,2,7,7,4,3,2,8,2,4,5,6,7,3,4,4,6,4,6,2,3,5,4,3,4,4,4,5,6,4,3,5,6,5,4,9,7,6,6,3,3,3,6,4,4,6,3,3,6,3,5,8,5,3,3,4,3,7,4,1,5,4,5,3,5,5,3,7,5,4,7,7,2,5,5,3,5,3,3,4,2,5,4,4,5,6,4,4,4,5,3,6,5,5,7,5,4,6,6,4,5,3,7,5,1,6,4,4,3,6,4,1,3,3,4,6,6,4,6,3,3,6,5,4,5,5,3,3,3,6,5,4,8,2,2,4,5,3,3,6,6,2,7,5,2,4,7,7,3,5,3,5,2,5,3,5,3,7,3,5,6,4,3,4,4,3,4,6,6,6,8,6,7,5,7,3,7,7,0,5,3,3,3,4,7,3,5,4,4,4,4,3,3,6,2,5,7,5,4,5,5,4,5,7,9,5,7,4,4,3,5,7,4,6,3,4,6,3,3,5,7,1,3,4,3,4,4,3,4,3,5,5,3,4,4,4,7,9,5,3,2,4,6,4,2,5,3,6,2,3,6,8,2,4,1,6,4,3,6,7,4,1,4,8,2,4,5,6,9,3,4,5,6,5,5,2,3,4,4,2,6,4,5,5,5,3,4,5,7,5,4,9,6,9,6,4,4,2,7,4,3,7,3,6,7,3,6,7,5,3,4,4,3,7,3,2,5,5,4,4,4,6,3,7,6,3,5,6,5,6,5,2,5,4,3,4,2,4,4,3,5,4,5,4,4,4,3,3,4,5,5,5,5,6,6,4,5,4,8,6,1,5,4,4,3,6,3,1,5,2,4,6,6,3,6,3,4,6,3,5,6,6,2,3,3,5,6,3,8,2,6,2,5,5,4,5,6,2,7,4,3,3,8,6,4,4,3,3,1,8,4,4,3,10,3,3,5,5,2,3,3,2,5,5,6,3,6,4,7,4,6,5,6,6,1,7,3,2,6,2,5,3,6,6,4,4,4,2,2,6,8,6,7,5,3,6,5,4,5,6,9,6,8,4,6,2,4,7,4,5,3,4,5,4,4,5,7,4,3,3,3,5,5,4,6,2,5,6,4,4,4,5,7,7,5,6,1,5,5,7,2,5,3,6,4,3,7,5,3,4,2,7,5,1,6,8,4,4,4,7,3,5,5,7,8,3,5,4,7,4,6,2,3,2,4,3,5,5,3,4,6,4,4,5,6,5,6,7,5,7,6,4,4,3,6,5,3,6,4,4,7,3,5,7,5,3,3,6,3,4,4,2,7,4,5,4,4,5,3,6,5,3,5,7,4,6,5,2,5,4,3,3,1,5,4,3,5,4,5,5,5,4,3,4,4,4,6,5,5,7,5,4,6,3,6,5,3,6,5,5,2,5,3,1,4,3,5,6,6,4,6,4,4,6,3,5,5,5,4,3,4,5,6,4,7,2,2,5,5,4,5,6,4,3,7,3,1,3,7,3,3,5,3,4,1,8,3,7,4,8,2,4,4,3,4,4,4,4,6,5,7,5,6,4,8
24,6,6,6,6,5,1,7,3,4,3,2,5,6,7,5,5,5,4,4,6,5,7,2,2,4,2,5,4,6,3,9,7,5,3,6,8,5,4,4,3,6,5,2,4,6,4,5,8,5,5,5,5,6,5,4,5,1,5,6,3,7,5,3,7,5,6,5,2,4,5,4,2,3,3,6,3,5,4,9,6,2,4,4,4,3,8,6,5,4,2,9,6,4,9,5,8,3,7,4,7,6,6,3,4,7,6,5,4,4,4,1,4,6,4,2,3,6,4,8,8,5,6,4,4,6,8,2,6,5,5,4,4,3,4,6,5,4,4,4,3,5,4,5,5,2,4,4,4,4,3,6,5,4,3,4,5,5,4,2,5,6,7,6,4,5,4,3,3,5,4,5,3,5,5,6,5,5,5,4,8,4,5,6,1,6,7,4,2,4,5,4,6,6,3,3,4,3,5,4,6,5,8,3,4,6,6,5,6,6,5,4,4,4,4,5,5,5,3,2,4,5,5,6,7,1,2,2,4,4,3,3,2,6,5,3,3,4,2,1,4,4,5,3,6,5,4,5,3,5,7,5,10,4,6,5,4,6,7,6,5,7,1,6,3,6,5,2,4,7,6,7,2,5,4,4,3,5,7,2,2,5,4,5,5,4,4,8,7,5,3,6,6,4,4,6,4,5,4,1,4,5,3,5,7,4,6,4,5,7,5,4,3,3,4,9,4,7,5,2,7,5,6,4,3,4,4,4,4,3,3,5,3,4,5,10,4,3,5,5,4,4,8,6,3,5,2,9,5,4,9,4,8,4,6,4,6,5,5,4,4,6,6,5,4,4,4,2,4,8,4,2,5,5,5,8,8,6,6,4,4,4,7,2,6,5,5,4,4,3,4,6,6,3,4,5,3,5,5,2,5,2,4,4,4,2,4,7,5,3,3,7,5,6,4,4,4,4,6,6,3,4,3,3,3,6,5,4,3,4,5,6,5,6,6,4,4,3,6,5,2,5,7,4,3,5,5,4,6,7,2,3,4,4,4,4,6,6,8,4,5,6,7,6,6,7,4,4,2,6,4,5,5,3,2,2,5,4,3,6,7,2,2,3,4,3,5,4,2,6,5,4,2,5,2,3,4,5,5,4,8,4,5,4,5,3,6,6,10,4,5,5,4,7,9,5,5,7,2,8,3,5,6,3,5,5,6,6,4,4,5,5,4,5,9,3,4,4,5,5,4,4,4,9,6,4,4,5,4,3,4,5,2,6,3,2,4,6,3,5,5,4,5,5,5,4,4,3,3,2,5,6,3,6,5,3,7,7,6,3,3,4,4,2,4,4,3,4,1,4,5,8,4,3,5,4,5,3,8,6,3,5,4,8,4,4,7,4,7,4,6,5,6,6,4,3,4,5,5,6,5,4,5,2,4,6,5,2,4,4,4,7,8,7,6,6,4,5,7,2,5,4,5,4,4,3,4,5,6,3,5,4,3,6,5,1,5,2,4,4,4,4,2,6,5,4,3,6,3,7,4,2,5,6,5,5,3,3,3,3,4,5,6,3,3,5,3,5,4,4,5,4,6,4,6,6,2,5,6,4,2,5,4,3,5,6,2,1,4,5,4,6,6,5,8,5,6,6,4,5,6,6,3,4,4,5,4,4,5,3,4,1,4,3,3,6,7,2,2,2,4,3,5,4,3,5,4,3,3,4,6,2,4,5,5,2,6,7,3,4,5,3,8,5,7,3,4,5,6,5,6,6,4,7,1,7,3,4,6,2,3,3,4,6,3,4,5,4,4,5,5,2,3,5,3,5,4,5,4,8,6,6,6,5,6,4,4,5,3,4,3,2,5,5,3,5,6,5,4,4,5,5,5,3,4,3,7,7,3,7,6,4,6,5,6,4,2,4,4,6,5,5,3,5,2,4,6,9,3,3,5,5,5,3,8,5,5,5,3,8,6,5,8,4,8,3,7,4,6,5,5,3,4,6,4,6,4,4,3,1,4,6,3,3,5,6,4,8,7,8,6,5,4,4,7,3,5,5,5,2,4,3,5,7,6,3,4,6,2,6,5,3,7,2,5,4,4,2,3,6,5,3,4,6,6,7,4,2,5,5,4,6,3,5,3,3,3,5,4,4,3,5,4,6,4,4,5,4,6,5,6,6,2,5,6,5,3,5,4,3,4,6,2,4,4,5,4,5,6,5,8,5,7,5,3,5,7,6,4,4,3,5,4,5,6,4,3,3,4,6,4,6,6,3,2,2,3,3,4,2,3,7,5,4,2,5,3,5,4,5,4,3,7,5,4,4,5,3,7,5,11,4,3,6,3
25,7,7,7,4,6,4,7,5,5,6,3,4,5,9,4,7,4,4,5,6,7,6,2,2,5,5,4,5,4,3,7,6,6,4,5,5,6,4,4,3,6,5,6,6,5,4,6,7,6,6,7,6,6,5,3,4,4,4,8,3,8,4,3,7,7,4,5,3,5,3,5,5,2,3,4,3,7,3,7,3,6,6,6,5,5,8,5,8,4,4,4,6,4,7,5,6,5,7,1,6,6,9,2,6,5,3,5,6,4,3,3,4,6,3,3,5,2,3,5,5,5,5,5,4,9,5,5,2,5,6,5,6,3,4,11,5,5,4,3,2,5,3,5,5,4,7,4,7,2,5,6,5,3,3,7,2,6,4,5,5,3,5,5,4,7,3,5,5,5,3,5,2,5,4,5,5,3,3,3,3,5,7,4,6,6,5,7,4,5,5,4,5,7,5,4,6,7,3,5,4,4,4,3,7,5,7,6,5,5,6,2,5,4,5,5,2,6,2,2,4,5,4,7,5,2,1,3,4,5,3,3,1,5,5,3,3,4,5,3,4,2,3,2,5,3,3,5,4,5,6,3,8,4,5,6,3,6,7,8,4,7,4,7,5,6,6,3,5,5,6,5,5,4,5,6,5,7,4,3,2,5,5,3,6,3,4,6,6,7,4,5,7,5,4,5,3,4,5,8,6,5,5,6,4,5,5,6,7,6,5,3,3,3,4,8,4,7,5,2,6,8,4,3,3,5,3,5,6,2,3,3,3,7,3,9,3,5,5,8,6,5,8,6,6,4,3,4,4,4,7,4,6,5,7,1,6,6,8,3,6,6,4,4,6,6,2,4,4,6,4,3,7,3,5,6,4,6,5,5,5,7,5,4,3,5,6,5,6,3,6,10,5,5,4,4,2,4,4,3,4,3,10,4,6,3,4,6,4,3,4,6,4,7,4,6,5,4,5,6,3,7,4,5,5,5,5,5,4,4,4,4,4,4,4,4,1,5,6,3,6,6,6,5,4,6,6,5,6,5,6,3,6,7,5,2,4,3,4,4,6,4,6,6,5,5,6,2,4,4,5,5,2,5,3,3,4,7,3,6,4,3,2,3,3,4,4,5,2,8,4,3,4,4,4,3,3,2,3,4,6,4,4,3,4,4,6,2,8,4,4,5,3,6,9,8,3,5,5,7,5,6,5,3,4,4,7,3,6,4,4,5,4,7,4,3,2,5,6,4,5,4,5,7,6,7,4,5,5,3,4,5,1,5,5,6,6,5,4,5,5,5,4,7,5,6,4,3,3,3,7,6,3,6,6,3,6,5,4,3,4,5,2,5,5,3,3,3,4,7,4,7,3,5,3,7,6,4,8,6,5,4,4,4,4,4,6,4,5,5,7,1,7,5,6,2,6,6,3,6,6,6,4,4,5,7,5,3,6,3,5,6,4,6,5,8,5,8,6,4,2,4,7,5,6,3,6,9,5,5,3,4,2,4,4,2,3,4,9,4,7,4,3,5,3,3,3,7,3,6,4,6,5,4,4,5,3,6,4,6,6,6,4,4,3,5,4,4,4,3,3,4,2,5,7,4,4,6,5,6,4,5,5,4,4,6,5,3,6,8,5,5,4,3,5,4,6,3,6,6,5,5,4,2,6,5,5,6,2,5,2,2,4,4,3,6,4,2,2,3,4,3,4,4,1,7,2,4,4,4,5,2,3,3,3,3,5,5,4,4,5,6,7,5,6,4,5,6,5,7,7,7,4,5,4,7,5,4,6,3,6,4,5,2,6,4,4,6,6,7,3,3,2,5,5,3,6,4,4,7,6,7,6,5,5,6,4,5,1,5,5,6,6,5,4,6,5,5,5,7,5,5,4,3,3,3,5,6,2,8,7,3,5,5,4,3,3,5,3,5,5,3,3,3,5,7,4,7,2,6,4,9,6,5,9,6,7,3,4,4,5,4,7,5,6,4,7,1,6,4,7,2,6,4,2,5,6,8,3,3,4,7,4,3,8,2,3,6,4,6,5,7,4,8,5,5,3,5,7,4,6,3,6,9,5,6,3,4,3,5,3,4,4,3,7,3,5,3,3,6,5,3,3,6,4,5,4,6,5,3,4,6,4,7,3,5,5,5,4,5,3,5,4,5,3,3,3,4,3,6,6,4,6,6,7,6,3,5,5,5,4,7,5,4,6,7,5,4,4,2,4,4,6,3,2,6,3,6,6,3,4,3,5,4,2,5,2,2,4,6,4,5,3,3,2,3,4,3,3,2,2,8,4,4,4,3,4,2,4,2,3,2,5,4,4,5,5,6,7,4,8,4,4,6,3
26,6,8,8,5,3,4,3,6,3,7,4,2,3,7,6,7,6,5,5,5,5,6,4,3,7,7,3,3,6,3,5,4,5,3,5,5,5,3,3,4,5,4,6,4,6,7,7,6,7,6,7,8,4,7,4,5,6,3,6,3,7,5,4,4,4,6,4,4,5,3,5,9,8,4,4,3,6,4,8,4,3,5,6,3,5,6,4,5,3,3,4,7,5,7,5,4,3,4,2,6,7,4,4,6,7,5,5,7,7,3,5,5,6,4,5,6,3,3,5,6,6,4,2,3,8,3,6,3,4,6,4,6,5,1,6,4,6,4,3,4,6,4,5,5,4,8,2,6,4,6,4,4,2,2,4,2,5,6,5,4,2,6,5,3,5,3,9,5,4,4,4,3,5,2,5,3,5,5,3,1,7,7,4,7,4,3,6,5,3,4,4,3,8,4,8,5,4,2,6,5,4,4,3,8,4,4,4,4,3,7,5,5,3,6,6,3,4,2,4,5,5,3,8,3,2,0,3,6,2,4,3,1,5,7,1,5,3,5,3,4,3,3,4,5,4,3,2,6,4,6,5,7,3,7,6,3,7,8,8,4,3,4,3,6,5,5,4,3,7,5,6,6,6,6,5,5,5,3,4,3,6,5,3,3,2,4,5,4,5,4,5,6,6,3,3,4,5,3,11,5,6,6,7,4,4,6,5,7,5,5,5,4,5,4,5,4,7,4,3,5,6,6,2,4,5,3,5,7,7,4,4,3,7,4,5,6,5,5,8,4,4,6,4,5,4,3,4,5,4,8,5,4,3,4,2,6,6,4,4,8,5,5,3,6,7,3,6,5,5,4,4,7,3,5,6,6,8,4,2,3,7,3,5,4,5,7,4,6,5,2,8,5,6,5,3,4,5,4,5,4,3,9,3,5,3,7,6,4,2,3,5,4,6,4,5,5,4,5,5,3,7,4,8,5,5,3,4,3,5,2,4,3,5,2,4,3,7,6,3,7,3,2,6,5,4,4,4,3,8,5,8,5,3,3,3,5,3,6,3,7,5,3,4,5,3,7,5,7,2,7,6,2,4,2,4,4,4,4,7,3,4,0,2,5,4,6,3,2,7,7,1,5,2,5,2,4,5,3,5,7,4,3,3,6,4,8,3,6,3,7,6,4,5,8,7,3,3,4,3,6,5,6,5,3,7,4,5,5,6,5,5,4,6,3,4,2,6,5,2,3,4,4,5,5,6,3,5,5,5,4,3,3,6,3,5,4,6,6,5,5,4,7,5,7,5,6,5,4,5,4,5,3,7,6,4,5,3,6,3,4,5,4,4,5,7,4,4,3,7,4,8,5,5,3,6,3,3,6,3,5,6,4,3,5,4,8,4,5,3,5,1,6,7,4,3,6,8,4,3,5,5,3,4,5,5,5,4,6,4,4,6,6,8,4,4,3,7,3,5,4,4,7,5,6,4,2,7,5,6,4,5,5,5,4,5,3,5,9,4,6,3,5,6,4,2,2,7,4,5,4,5,5,3,3,4,3,5,4,10,6,6,5,6,3,5,3,4,4,3,2,4,3,6,7,4,7,3,4,7,5,4,4,4,3,8,4,6,5,5,5,4,5,2,4,3,6,5,6,4,5,3,6,4,6,3,6,6,2,4,2,4,5,6,5,7,3,3,1,2,5,3,7,3,1,7,5,1,6,4,5,2,4,4,3,4,5,4,3,4,7,5,8,5,6,2,6,5,5,6,8,7,6,2,4,2,6,5,6,3,3,4,3,6,6,6,5,5,5,6,3,5,3,5,5,3,3,6,3,5,5,5,4,5,5,8,3,3,3,6,3,5,4,6,6,7,6,4,6,5,7,4,5,6,4,6,3,5,2,7,7,3,4,4,5,3,4,5,5,6,5,7,4,3,1,7,2,7,4,3,3,7,4,4,7,4,5,5,3,3,5,4,6,5,4,3,4,2,6,7,4,4,6,6,4,3,5,8,4,6,5,5,4,3,5,3,5,6,5,9,4,4,4,8,4,6,3,4,8,4,6,4,2,6,5,6,5,5,5,6,3,5,4,2,7,2,5,4,4,5,4,2,2,5,3,5,4,5,5,2,6,5,3,7,3,9,7,5,3,6,3,4,2,5,3,4,2,5,3,7,6,4,7,3,5,7,4,3,5,4,3,8,4,7,5,4,4,4,5,3,6,3,6,4,3,4,4,2,7,6,5,2,7,5,2,4,3,4,5,4,4,6,4,3,0,2,5,4,6,4,2,6,6,1,5,3,5,3,4,3,3,4,6,5,3,6,6,5,7,4,7,3,6,5,5
27,5,4,5,9,4,5,4,4,5,5,6,4,5,5,5,8,7,5,5,9,6,4,5,4,5,5,8,3,6,1,4,5,4,3,8,7,6,5,3,3,5,5,3,6,4,6,5,4,5,5,4,7,6,5,2,6,6,6,5,2,10,5,4,3,4,6,4,5,6,6,6,5,5,3,7,4,6,3,6,6,4,5,6,4,4,6,3,4,5,2,4,9,6,6,4,4,2,6,4,5,7,2,4,6,3,4,3,6,7,3,7,6,4,6,4,5,4,1,5,2,6,5,7,5,6,5,4,4,5,5,4,4,6,3,6,3,5,4,5,8,4,5,7,5,3,4,5,6,4,3,2,4,1,2,7,5,4,7,8,4,4,6,2,2,3,4,3,5,5,6,5,2,5,5,6,4,3,5,5,2,4,8,3,7,4,3,4,5,4,4,5,2,5,5,6,5,5,6,4,4,4,9,3,5,4,5,6,4,4,7,5,6,1,5,5,5,3,6,3,5,6,4,5,6,2,3,4,6,3,3,2,2,6,7,3,4,4,6,3,3,4,3,7,6,2,4,7,6,6,6,4,6,4,7,4,4,6,4,5,7,4,5,4,4,5,5,5,4,7,5,4,9,8,6,5,8,5,5,4,3,5,4,8,3,3,3,4,3,6,4,8,5,6,5,4,6,6,4,6,6,3,5,5,3,7,4,5,6,7,4,3,4,6,6,5,5,10,5,5,4,5,6,6,5,3,8,6,5,4,3,7,1,7,3,5,6,4,5,6,4,3,6,3,3,5,4,3,8,7,7,4,3,2,6,4,4,7,4,4,6,2,3,3,3,7,3,8,6,4,7,4,5,4,3,5,1,4,5,6,5,5,5,4,5,4,5,4,5,6,2,8,4,4,5,5,7,4,4,8,4,3,4,5,6,3,4,6,4,1,2,7,4,4,5,7,5,3,6,2,1,4,4,2,3,5,5,2,2,5,5,6,4,1,4,5,3,4,8,3,6,3,1,4,4,3,5,5,3,4,6,8,4,5,4,2,4,5,9,3,6,4,4,5,5,5,7,4,9,2,6,5,4,3,4,3,5,5,4,6,5,4,3,4,5,7,4,2,2,7,7,2,4,4,5,4,3,5,3,7,5,3,4,9,9,6,7,3,6,4,7,5,5,5,4,5,6,5,5,3,4,5,6,5,4,7,8,4,8,7,5,5,5,6,3,5,2,6,6,8,3,3,2,5,4,5,3,8,4,6,6,3,4,4,4,6,5,2,4,4,3,6,5,5,6,7,6,3,4,3,5,5,4,9,6,6,4,3,5,4,6,5,6,5,3,4,3,6,2,7,4,5,5,5,3,5,3,7,6,2,4,7,4,3,6,4,7,4,4,3,6,3,5,8,4,2,5,4,1,3,3,7,3,4,6,5,7,3,5,4,2,5,2,5,5,6,5,5,5,5,5,3,5,6,5,5,2,8,4,4,4,5,7,5,4,7,4,4,3,5,6,3,5,6,4,1,2,7,5,5,5,8,5,4,6,3,1,5,5,4,6,6,5,4,2,6,5,7,4,2,4,5,3,5,8,3,7,3,3,5,4,5,4,5,4,4,7,5,4,6,5,3,4,5,6,3,5,4,5,5,4,6,6,4,8,2,4,4,4,3,3,3,4,6,8,6,4,4,3,4,5,6,4,3,2,7,6,3,5,4,5,6,4,4,2,7,3,2,4,7,8,6,8,5,5,3,7,3,3,5,4,4,8,5,4,3,4,6,4,5,4,5,5,5,7,7,5,5,7,6,5,4,2,4,4,8,3,5,2,4,4,5,3,8,5,5,5,3,4,5,4,9,6,2,5,5,3,5,5,5,6,8,5,4,4,5,5,5,2,9,5,6,3,3,4,5,6,4,7,6,3,4,3,6,1,7,2,4,5,3,4,5,3,5,6,3,3,7,3,3,6,6,5,5,4,2,7,4,5,8,3,3,5,4,4,3,2,9,2,6,6,4,7,3,5,5,3,5,3,5,5,7,4,5,6,5,5,5,4,4,5,5,2,6,4,5,5,7,7,4,5,7,5,3,4,5,6,4,4,5,4,2,2,8,5,4,5,6,5,4,6,2,1,4,4,2,4,6,5,4,3,5,5,6,5,2,5,5,3,5,8,4,6,3,3,5,6,3,5,4,3,4,6,6,5,5,4,3,4,4,5,3,6,3,7,5,4,5,7,4,7,2,4,4,4,3,2,3,4,5,7,5,5,5,3,4,6,6,3,5,1,6,6,2,4,5,5,6,4,2,2,8,2,1,3,7,9,6,8,4,5,4,7,4,4
28,6,1,3,7,7,4,7,4,2,5,4,4,5,5,7,8,5,8,5,7,6,5,5,4,3,5,6,3,5,4,7,7,5,3,5,7,4,6,5,1,7,5,3,7,2,6,6,6,4,4,4,3,6,5,4,6,8,5,4,5,9,4,4,3,5,3,6,5,4,4,4,7,5,3,6,3,5,2,3,6,4,2,6,4,3,7,6,5,3,5,3,5,6,3,2,3,5,5,3,6,6,2,5,5,6,4,5,6,6,3,7,4,3,5,4,5,3,4,6,2,7,4,5,4,4,5,3,4,6,6,7,2,4,3,6,3,6,5,6,8,7,4,4,5,3,3,4,4,5,4,2,4,2,3,5,5,4,5,8,5,4,5,3,4,3,4,2,4,4,7,4,3,5,4,6,4,3,6,2,4,4,5,3,7,5,6,5,6,5,6,4,4,5,5,6,4,4,3,3,4,6,7,4,6,3,3,5,5,4,7,3,6,0,2,5,4,4,5,2,3,5,4,3,5,4,5,3,6,3,3,4,1,3,5,3,4,5,6,4,3,6,3,4,4,4,5,7,2,6,5,4,6,4,7,5,6,6,1,3,8,7,4,6,4,3,5,3,4,3,6,5,7,5,6,5,6,6,4,8,4,3,4,5,3,4,6,5,7,6,3,6,7,6,5,5,4,6,5,5,7,1,6,6,5,6,6,4,3,6,5,5,4,7,7,5,3,8,4,5,4,6,3,5,6,3,6,4,7,5,3,6,2,7,1,4,5,4,2,6,5,4,7,5,4,3,6,3,5,7,4,2,2,5,5,3,5,8,2,5,4,6,5,5,4,5,3,7,4,3,6,4,4,3,5,6,2,7,4,4,7,4,4,2,4,5,5,7,3,4,3,4,2,6,5,6,8,6,4,7,3,3,4,3,6,5,4,4,4,2,3,5,5,4,5,9,5,4,5,3,2,3,5,1,4,3,6,4,3,5,4,7,6,4,6,3,4,4,5,2,6,5,5,5,6,4,7,5,4,4,4,5,4,4,3,1,4,6,7,4,8,3,3,3,6,4,6,3,8,2,4,5,3,5,3,2,3,7,2,4,4,5,6,3,6,5,3,4,1,3,5,3,5,4,5,4,3,6,4,4,3,4,5,8,5,5,6,4,6,3,8,6,6,6,1,3,7,7,4,4,4,3,5,3,4,6,8,5,6,6,8,6,4,6,3,5,4,4,6,6,3,4,3,5,7,6,5,6,5,5,5,4,3,4,4,2,7,1,7,5,6,5,5,5,3,6,5,6,6,6,6,5,5,9,6,5,4,3,4,5,4,4,6,4,5,4,3,6,3,8,2,3,6,5,3,7,3,6,6,3,4,4,4,3,6,6,2,4,4,6,5,3,7,6,3,5,4,6,5,6,4,6,3,6,4,4,5,4,6,3,4,6,3,7,4,5,5,5,6,4,4,4,6,9,3,4,4,4,2,5,5,5,8,5,4,6,4,4,3,4,5,6,4,4,4,2,3,4,6,5,5,7,5,3,5,3,2,5,5,2,4,4,6,3,4,5,4,8,4,5,6,3,5,4,5,2,6,6,5,6,6,5,4,5,5,4,7,4,4,4,3,3,4,6,6,4,8,3,3,4,5,5,5,3,6,2,2,4,4,4,3,1,2,5,4,5,3,6,4,3,6,4,3,3,2,3,5,4,4,4,5,5,4,6,3,4,2,3,6,3,3,5,6,6,6,4,7,5,6,8,1,3,7,8,4,6,4,2,3,3,4,7,5,5,7,6,6,5,5,6,6,5,3,4,5,5,3,3,4,4,7,6,3,6,5,4,5,4,3,5,5,4,7,1,7,5,5,5,5,4,3,6,5,5,4,6,6,5,4,8,5,4,5,5,4,5,6,2,6,3,6,5,3,6,1,7,1,3,6,5,2,7,3,5,6,4,4,4,5,3,2,5,2,3,3,5,6,3,7,9,2,6,5,7,5,5,2,7,2,5,4,4,8,4,5,3,6,6,3,9,4,5,4,6,5,3,5,4,4,7,3,4,2,4,3,6,5,6,8,4,4,8,5,3,4,4,5,5,4,4,4,4,3,5,5,4,5,7,5,3,5,3,3,3,4,3,5,4,5,2,5,5,5,6,7,5,7,2,3,4,5,3,6,5,5,5,5,5,5,5,5,5,5,5,5,3,3,3,4,7,4,4,8,3,5,4,6,5,6,5,3,3,2,4,4,4,2,2,2,5,3,5,5,6,6,3,5,4,2,5,0,3,5,2,4,4,6,3,4,4,3,3,3,3,6,4,4,5,7,6,4,4,7,6,7
29,7,3,3,7,4,4,6,6,4,3,5,3,3,3,9,5,6,7,4,2,4,4,4,5,5,6,1,4,8,2,7,7,3,4,4,5,3,4,5,4,7,4,1,3,3,3,7,6,4,4,6,3,5,3,5,7,6,7,5,5,8,4,5,4,6,3,5,6,4,4,8,5,5,2,5,5,4,2,5,7,4,4,7,3,5,5,6,5,5,5,4,5,4,4,4,6,4,3,5,5,6,4,5,5,5,5,5,6,5,2,4,3,2,5,3,5,4,5,5,3,4,6,3,5,5,4,2,2,5,7,5,3,2,3,4,6,5,6,3,5,5,3,4,6,2,2,4,3,4,5,4,6,4,3,3,6,3,6,9,4,6,6,3,4,5,2,4,6,2,5,5,1,6,3,5,5,3,7,3,3,6,6,3,5,6,5,4,4,3,6,4,7,5,5,8,5,4,3,1,3,7,2,3,7,4,3,5,3,5,5,2,4,0,5,5,6,4,1,2,2,6,3,4,6,4,0,4,5,3,2,4,4,4,4,3,4,4,6,6,4,5,2,3,6,5,7,8,4,5,5,6,5,3,6,3,5,6,2,3,8,3,4,7,6,4,3,5,3,4,4,8,5,5,6,4,2,4,4,6,5,5,7,1,3,4,4,4,8,3,3,4,6,4,3,3,3,7,3,4,3,4,5,6,6,4,5,5,3,5,3,5,7,5,7,5,3,7,5,4,4,7,3,4,5,4,5,7,4,5,2,5,4,5,1,6,7,4,3,7,3,6,5,4,5,4,3,4,5,4,4,4,4,3,4,5,5,8,3,6,4,4,6,5,4,6,2,5,3,2,4,3,5,4,6,5,4,3,7,2,6,4,4,2,3,6,7,6,2,2,2,4,5,5,5,5,5,5,3,6,5,2,3,4,3,4,5,4,6,5,3,3,5,3,4,9,4,5,6,3,3,5,6,4,6,4,5,6,2,6,3,5,7,5,6,5,4,5,6,4,4,5,6,4,5,3,7,4,7,3,4,7,4,3,4,3,4,6,3,3,6,4,4,4,3,4,4,4,5,1,5,5,4,4,4,2,2,7,3,4,6,3,0,4,5,3,3,6,5,5,4,3,4,4,5,6,4,6,2,3,4,4,8,7,4,4,6,6,5,3,6,5,5,4,2,3,8,3,4,5,6,5,4,5,3,5,6,7,6,6,6,5,4,3,4,4,4,4,9,3,3,4,3,4,7,4,3,4,5,5,4,3,4,5,4,1,4,3,6,6,6,3,3,5,3,6,3,6,6,6,7,4,5,8,5,4,4,4,3,7,3,5,5,6,4,4,2,4,5,5,2,4,8,4,3,8,3,4,4,4,6,4,4,4,5,4,4,5,4,4,2,4,5,6,3,6,4,4,5,4,3,7,2,5,3,2,5,3,5,3,5,5,4,3,7,3,5,5,5,3,4,7,7,5,2,3,4,4,4,5,5,3,5,4,3,6,6,2,3,4,4,5,6,5,6,3,3,3,5,3,4,9,5,3,7,3,2,4,4,5,6,5,6,6,4,6,3,5,5,4,6,4,5,7,4,4,4,5,5,5,5,3,5,4,6,2,5,7,5,5,5,5,3,6,4,3,7,4,3,4,3,4,4,2,4,1,4,5,5,3,7,2,3,5,4,3,6,4,0,4,3,4,3,5,4,5,4,4,3,3,6,5,3,6,4,3,3,4,5,5,2,3,5,6,5,3,4,4,5,3,2,3,6,3,4,6,5,4,2,4,3,4,4,5,7,5,6,6,3,4,3,4,3,5,8,0,3,4,2,4,7,4,3,4,3,5,4,3,3,6,3,1,4,3,5,5,5,4,5,4,3,5,3,6,4,6,6,5,4,7,5,3,5,7,3,7,5,4,5,8,5,4,2,4,4,5,1,7,7,6,3,8,2,5,4,4,7,4,3,4,3,3,3,5,4,4,3,5,5,8,3,7,5,4,5,5,3,6,1,5,3,2,6,3,5,3,6,5,5,4,7,3,5,6,3,2,3,8,6,6,2,3,2,4,5,5,6,4,5,5,3,8,5,1,3,4,3,4,5,5,6,4,3,3,5,3,4,7,5,5,6,3,2,5,2,4,7,3,3,5,2,6,4,5,6,6,5,3,6,5,6,4,4,6,5,4,4,3,7,4,7,4,5,8,6,7,5,4,4,6,3,3,4,4,4,4,2,3,4,4,3,2,5,4,6,5,6,3,3,5,1,5,5,4,1,4,5,4,2,7,3,4,4,3,2,4,7,2,4,5,4,2,6,5,7,5,3,4,8,6,5,4,5,4,6
30,6,5,4,7,7,3,3,4,5,2,6,3,3,3,9,4,5,6,6,2,5,4,7,4,9,4,2,4,5,3,3,8,4,5,3,4,5,3,6,4,4,4,2,2,3,3,4,4,5,5,6,4,3,4,4,6,3,5,6,2,6,7,6,5,6,4,6,10,4,3,6,7,4,4,4,5,4,4,7,6,4,6,6,4,6,5,4,4,6,5,4,3,5,5,4,3,4,2,6,3,6,3,3,3,1,4,4,4,5,4,3,4,3,4,6,5,2,5,3,3,4,3,4,4,4,4,3,2,3,7,4,4,5,5,5,5,6,5,4,4,3,3,3,6,4,2,2,2,4,4,5,6,6,2,3,7,3,6,8,5,2,5,4,4,5,3,5,7,3,3,5,3,6,2,5,6,3,5,3,5,4,4,5,6,5,9,4,4,4,6,3,6,6,3,7,4,6,4,4,4,6,6,4,7,4,0,4,3,3,4,4,7,1,4,3,6,4,4,5,2,6,5,4,3,4,1,2,5,6,1,3,6,6,2,4,4,5,6,7,5,2,3,3,7,2,5,6,5,4,3,6,4,4,7,3,5,6,4,4,7,6,3,5,4,4,2,8,3,3,5,7,4,4,6,6,3,4,3,4,4,7,4,1,3,8,4,2,7,4,3,2,7,3,2,5,4,4,3,3,3,4,2,4,5,5,4,5,3,3,5,5,5,3,5,5,2,6,7,5,5,5,3,4,7,5,3,7,3,4,4,4,8,5,4,5,6,5,3,5,5,8,5,3,3,5,3,4,4,5,5,3,3,4,4,6,2,6,3,3,3,4,4,4,4,3,4,4,4,4,3,6,4,2,6,4,3,3,4,4,4,4,4,3,4,5,7,5,4,4,6,5,6,7,4,5,4,3,5,6,6,3,2,3,2,4,4,4,6,5,2,3,5,2,4,8,5,2,7,4,5,4,5,5,6,4,2,7,3,6,2,5,6,3,5,3,4,4,4,4,5,4,8,4,4,4,6,3,6,5,2,6,4,4,5,4,4,6,6,3,5,4,2,5,3,3,4,5,7,1,4,5,5,4,3,3,2,8,6,3,3,4,2,1,5,4,4,4,5,7,2,3,4,6,6,7,5,2,3,3,7,3,6,6,5,4,3,6,4,5,7,5,5,6,4,5,4,5,4,4,5,5,4,7,3,6,7,6,5,5,5,6,4,3,3,5,4,7,4,1,3,7,4,2,7,5,3,2,6,4,4,4,6,3,3,2,3,3,5,3,6,5,4,5,3,3,5,5,4,4,5,5,3,6,6,4,4,5,4,5,4,5,3,5,6,4,3,3,5,4,3,5,7,5,2,6,5,4,5,3,3,5,3,4,3,4,4,3,3,4,3,6,3,7,3,5,4,5,4,3,3,4,4,4,4,4,4,5,4,3,6,5,3,3,4,4,4,4,3,2,4,4,6,3,4,4,6,6,6,7,5,4,4,3,4,3,4,3,2,2,3,3,4,5,5,5,3,3,4,2,3,8,5,3,6,3,5,4,5,6,6,4,4,6,4,6,3,5,5,2,4,3,5,5,3,5,4,4,6,4,4,5,6,3,6,4,2,6,5,4,6,6,4,7,7,2,5,3,3,5,3,3,4,4,5,1,4,4,5,4,4,3,3,5,6,2,3,3,2,3,5,5,3,5,5,7,2,5,3,4,6,10,6,2,2,5,7,2,5,6,5,4,4,8,4,4,8,4,6,6,4,4,6,6,3,4,5,5,3,7,4,5,6,6,5,4,5,6,4,4,2,5,4,6,5,2,3,7,3,2,8,5,3,2,3,3,4,4,3,4,3,5,4,3,3,4,6,6,4,5,3,2,7,3,4,4,4,6,2,6,6,6,6,7,3,6,7,5,3,7,6,3,3,3,3,4,4,6,5,7,4,5,6,5,5,3,3,6,3,4,4,5,5,3,4,4,2,6,3,6,4,3,5,3,5,3,3,4,4,4,4,3,5,6,2,2,6,4,4,3,3,4,4,4,3,2,3,4,6,3,3,4,4,6,6,6,6,5,4,4,6,5,5,3,3,2,2,4,5,6,5,3,3,3,4,3,4,8,5,2,6,4,5,4,5,6,7,3,3,4,3,6,2,5,5,3,5,3,6,4,4,6,5,4,5,5,5,3,7,3,7,5,3,6,5,6,5,6,4,7,7,3,6,4,2,4,3,5,4,4,6,1,5,3,3,5,3,5,3,5,3,4,3,5,1,2,7,5,3,5,4,7,4,3,3,6,7,8,5,3,3,2,7,2,6,6,5,5,4,6,4,4,7,4,6
31,2,4,4,6,7,5,2,5,4,4,7,4,6,4,5,3,4,5,5,3,4,3,6,5,7,6,5,4,5,3,5,7,3,3,6,6,4,3,5,5,4,5,7,4,5,4,5,3,5,5,4,5,4,4,2,3,4,3,6,5,6,6,6,5,5,5,5,5,5,3,4,2,3,4,3,5,6,4,4,4,3,5,8,3,4,4,2,4,7,5,5,3,6,4,2,3,5,4,5,3,6,6,8,5,5,4,5,6,5,4,6,4,7,4,7,4,1,6,6,4,5,3,3,5,4,3,4,2,3,9,3,4,5,6,4,5,6,5,4,6,5,3,6,6,2,3,2,4,3,5,4,4,7,2,5,3,3,3,7,5,3,6,2,6,4,4,3,2,5,5,5,5,7,4,3,6,7,2,3,6,2,6,4,5,5,5,5,6,4,7,5,8,3,3,7,5,8,4,2,5,6,7,7,6,5,1,5,5,3,3,6,6,2,3,4,3,6,2,2,4,6,6,3,3,5,5,2,4,3,5,3,5,8,3,3,5,2,4,5,5,5,5,4,4,2,7,6,4,4,1,7,2,4,8,3,5,3,4,5,6,7,6,2,5,5,4,7,4,7,6,4,3,4,5,4,3,4,2,6,6,5,5,4,4,7,3,4,5,3,2,5,7,4,3,5,6,3,3,3,4,5,5,5,3,6,4,4,4,4,4,2,1,4,2,6,5,6,6,6,5,6,4,6,5,6,3,4,3,4,5,3,8,5,2,3,5,2,5,6,2,6,4,2,2,6,3,5,3,6,5,2,4,5,4,5,5,6,5,8,6,5,4,2,5,6,4,6,3,7,3,7,3,2,7,6,5,6,4,3,5,4,3,6,4,3,10,5,4,3,7,4,5,6,5,4,5,4,5,6,8,1,2,2,4,3,5,3,5,5,2,5,3,2,3,7,7,3,7,1,3,5,4,4,1,7,4,6,4,8,5,3,4,7,2,2,4,2,6,4,6,4,6,5,4,5,7,4,7,2,4,6,6,7,2,3,4,6,6,7,4,4,0,5,5,2,3,6,6,2,3,4,5,7,1,1,4,6,10,3,3,6,4,3,5,3,3,2,4,8,4,4,5,3,6,6,6,5,5,3,4,3,4,8,5,5,1,5,2,4,8,3,4,6,6,6,7,7,6,3,5,6,5,6,4,8,7,4,4,4,6,4,3,4,1,7,5,6,4,4,3,8,3,5,6,3,1,4,8,3,4,4,5,3,3,4,3,6,6,3,3,7,3,4,3,5,4,4,1,5,4,6,5,6,6,6,6,5,4,5,7,6,3,3,3,3,6,3,6,4,3,3,5,3,6,7,2,5,5,3,5,5,4,4,3,5,3,2,3,5,4,5,5,6,6,8,5,5,4,4,4,5,3,6,4,9,3,7,4,3,7,5,4,5,3,3,5,4,3,3,3,3,9,3,4,4,5,6,5,7,5,5,6,3,4,6,6,3,4,2,5,2,5,2,7,4,2,5,3,2,3,7,4,3,7,1,3,4,7,4,2,6,6,5,4,7,3,3,3,7,4,3,5,2,6,4,7,4,5,5,5,5,6,4,6,2,3,6,5,3,4,4,5,7,7,5,5,4,1,5,5,4,3,7,7,2,3,4,3,8,0,1,4,4,6,4,3,4,4,3,3,3,4,3,5,7,5,4,3,2,5,8,6,3,3,5,5,3,5,9,4,6,4,7,3,4,7,4,4,7,5,4,6,7,6,2,5,4,5,7,5,7,6,4,3,4,5,5,2,3,0,6,4,6,4,4,3,8,2,5,7,3,2,6,4,3,4,4,5,3,3,4,4,5,4,5,4,6,3,4,4,4,6,2,1,5,4,6,5,7,5,7,5,5,4,7,6,6,3,5,3,5,4,3,8,4,2,4,5,4,5,7,2,5,5,2,3,5,3,4,4,6,5,2,3,5,4,5,5,6,5,8,6,5,5,3,4,6,4,6,4,7,3,7,3,2,8,5,5,6,3,3,4,4,4,4,3,3,9,3,3,4,4,5,5,6,5,4,5,5,5,7,7,3,3,2,4,3,6,3,5,4,2,5,3,2,4,7,4,3,7,2,5,5,6,3,4,5,5,5,4,7,4,3,4,6,5,3,6,2,6,5,8,4,3,6,4,4,7,4,7,3,4,6,7,5,3,2,5,7,7,7,6,5,2,5,5,4,3,6,8,2,4,4,2,6,0,2,4,5,5,4,5,6,5,3,4,4,4,4,4,7,4,4,5,5,6,7,6,5,5,4,3,4,5,9,4,5,3,7,2,3,6,5,4
