plane_index,reads_count
0,14
1,12
2,11
3,8
4,9
5,9
6,9
7,8
8,10
9,9
10,10
11,12
12,12
13,11
14,10
15,11
16,12
17,11
18,9
19,12
20,10
21,11
22,16
23,18
24,15
25,12
26,13
27,17
28,16
29,15
30,12
31,11
32,14
33,15
34,14
35,11
36,12
37,13
38,14
39,11
40,9
41,14
42,16
43,9
44,13
45,17
46,12
47,11
48,19
49,16
50,15
51,12
52,13
53,14
54,12
55,13
56,15
57,14
58,15
59,11
60,15
61,15
62,12
63,12
64,11
65,11
66,11
67,12
68,9
69,12
70,12
71,13
72,12
73,11
74,12
75,15
76,12
77,10
78,13
79,18
80,11
81,12
82,12
83,14
84,14
85,13
86,14
87,12
88,9
89,14
90,13
91,10
92,10
93,13
94,10
95,12
96,15
97,10
98,10
99,15
100,17
101,14
102,13
103,14
104,10
105,11
106,10
107,13
108,14
109,9
110,15
111,8
112,8
113,14
114,10
115,11
116,10
117,13
118,15
119,15
120,13
121,10
122,11
123,18
124,16
125,15
126,12
127,10
128,17
129,15
130,13
131,15
132,13
133,13
134,12
135,12
136,13
137,8
138,8
139,11
140,12
141,15
142,10
143,9
144,11
145,17
146,17
147,9
148,13
149,14
150,9
151,9
152,13
153,13
154,9
155,17
156,16
157,11
158,12
159,11
160,15
161,18
162,14
163,14
164,13
165,13
166,16
167,19
168,14
169,12
170,10
171,13
172,15
173,10
174,13
175,15
176,12
177,11
178,12
179,11
180,9
181,10
182,9
183,11
184,11
185,10
186,9
187,14
188,12
189,12
190,12
191,14
192,12
193,14
194,12
195,10
196,10
197,12
198,10
199,11
200,13
201,12
202,13
203,14
204,9
205,14
206,12
207,13
208,13
209,12
210,12
211,17
212,14
213,15
214,16
215,15
216,13
217,17
218,14
219,9
220,15
221,16
222,15
223,10
224,14
225,10
226,16
227,20
228,14
229,12
230,12
231,15
232,11
233,10
234,18
235,13
236,11
237,14
238,16
239,9
240,7
241,9
242,12
243,13
244,14
245,12
246,10
247,9
248,14
249,13
250,13
251,12
252,12
253,10
254,12
255,17
256,11
257,10
258,15
259,16
260,12
261,13
262,13
263,10
264,11
265,13
266,14
267,15
268,10
269,9
270,13
271,12
272,11
273,13
274,12
275,10
276,8
277,11
278,14
279,13
280,12
281,14
282,8
283,7
284,9
285,12
286,10
287,11
288,12
289,10
290,13
291,13
292,9
293,9
294,12
295,12
296,14
297,14
298,13
299,15
300,10
301,10
302,8
303,12
304,14
305,15
306,15
307,11
308,14
309,13
310,15
311,14
312,12
313,12
314,14
315,10
316,8
317,7
318,11
319,11
320,9
321,8
322,11
323,12
324,12
325,14
326,13
327,12
328,11
329,14
330,10
331,11
332,12
333,13
334,12
335,9
336,10
337,11
338,12
339,9
340,10
341,9
342,11
343,8
344,10
345,11
346,12
347,11
348,13
349,14
350,15
351,12
352,10
353,10
354,9
355,12
356,16
357,18
358,13
359,13
360,14
361,9
362,12
363,14
364,13
365,14
366,13
367,12
368,12
369,10
370,11
371,10
372,13
373,11
374,10
375,12
376,12
377,12
378,9
379,9
380,10
381,10
382,10
383,10
384,11
385,9
386,10
387,12
388,13
389,13
390,15
391,15
392,19
393,17
394,15
395,11
396,11
397,13
398,7
399,8
400,10
401,8
402,13
403,12
404,13
405,13
406,15
407,15
408,16
409,10
410,14
411,14
412,11
413,10
414,8
415,11
416,11
417,12
418,12
419,9
420,8
421,12
422,14
423,14
424,15
425,14
426,14
427,11
428,12
429,11
430,13
431,11
432,13
433,12
434,13
435,12
436,10
437,12
438,9
439,13
440,16
441,14
442,12
443,12
444,16
445,11
446,9
447,13
448,13
449,10
450,10
451,11
452,11
453,7
454,10
455,13
456,12
457,10
458,13
459,18
460,14
461,12
462,12
463,14
464,15
465,10
466,11
467,12
468,13
469,13
470,10
471,15
472,13
473,11
474,10
475,10
476,14
477,14
478,15
479,12
480,10
481,10
482,9
483,11
484,12
485,8
486,8
487,9
488,11
489,8
490,12
491,10
492,11
493,10
494,9
495,10
496,13
497,12
498,14
499,11
500,14
501,18
502,12
503,13
504,14
505,14
506,14
507,13
508,11
509,11
510,12
511,12
512,9
513,13
514,11
515,13
516,11
517,9
518,6
519,7
520,10
521,10
522,10
523,14
524,12
525,13
526,15
527,14
528,16
529,15
530,9
531,8
532,9
533,9
534,10
535,9
536,12
537,11
538,11
539,14
540,14
541,13
542,11
543,7
544,16
545,14
546,15
547,14
548,13
549,13
550,12
551,12
552,11
553,11
554,11
555,10
556,9
557,10
558,9
559,9
560,10
561,10
562,11
563,10
564,9
565,9
566,9
567,11
568,11
569,11
570,13
571,13
572,12
573,12
574,14
575,14
576,13
577,14
578,11
579,11
580,13
581,14
582,14
583,14
584,11
585,13
586,13
587,9
588,12
589,13
590,11
591,11
592,15
593,9
594,10
595,9
596,10
597,11
598,9
599,13
600,11
601,13
602,11
603,8
604,10
605,13
606,12
607,11
608,11
609,7
610,9
611,9
612,11
613,8
614,10
615,11
616,10
617,8
618,14
619,10
620,11
621,9
622,8
623,11
624,12
625,16
626,15
627,13
628,13
629,9
630,9
631,10
632,13
633,11
634,11
635,14
636,15
637,10
638,9
639,8
640,13
641,15
642,12
643,13
644,12
645,11
646,9
647,13
648,13
649,11
650,10
651,9
652,11
653,13
654,10
655,7
656,10
657,11
658,12
659,13
660,14
661,12
662,13
663,13
664,13
665,12
666,12
667,10
668,10
669,10
670,9
671,10
672,12
673,14
674,15
675,8
676,10
677,14
678,15
679,12
680,15
681,15
682,11
683,3
684,11
685,12
686,13
687,11
688,8
689,7
690,10
691,13
692,11
693,11
694,11
695,13
696,13
697,12
698,14
699,13
700,11
701,10
702,9
703,10
704,10
705,11
706,11
707,11
708,8
709,7
710,9
711,10
712,7
713,10
714,10
715,10
716,14
717,16
718,12
719,8
720,11
721,11
722,12
723,13
724,15
725,13
726,11
727,11
728,13
729,11
730,10
731,9
732,11
733,11
734,12
735,11
736,16
737,14
738,13
739,8
740,9
741,13
742,12
743,12
744,15
745,13
746,11
747,12
748,13
749,11
750,11
751,8
752,9
753,12
754,13
755,14
756,9
757,12
758,14
759,13
760,12
761,8
762,11
763,11
764,11
765,11
766,9
767,9
768,15
769,13
770,12
771,11
772,10
773,15
774,17
775,17
776,13
777,13
778,9
779,7
780,11
781,8
782,10
783,11
784,13
785,12
786,8
787,7
788,9
789,12
790,12
791,10
792,12
793,10
794,12
795,14
796,10
797,10
798,12
799,11
800,10
801,11
802,13
803,15
804,10
805,7
806,11
807,18
808,15
809,11
810,11
811,9
812,11
813,13
814,13
815,12
816,13
817,10
818,11
819,14
820,12
821,10
822,12
823,7
824,12
825,11
826,14
827,14
828,13
829,13
830,10
831,11
832,12
833,12
834,9
835,10
836,8
837,10
838,15
839,12
840,13
841,12
842,13
843,13
844,13
845,14
846,11
847,8
848,11
849,13
850,13
851,13
852,9
853,6
854,8
855,11
856,10
857,11
858,17
859,16
860,13
861,14
862,9
863,9
864,12
865,12
866,13
867,12
868,9
869,12
870,12
871,10
872,14
873,12
874,11
875,12
876,15
877,13
878,15
879,13
880,12
881,14
882,12
883,14
884,12
885,11
886,11
887,12
888,11
889,10
890,9
891,9
892,9
893,10
894,11
895,11
896,13
897,10
898,7
899,11
900,17
901,15
902,13
903,14
904,16
905,13
906,11
907,10
908,13
909,6
910,11
911,14
912,14
913,12
914,16
915,16
916,12
917,11
918,12
919,13
920,9
921,12
922,14
923,13
924,14
925,11
926,12
927,14
928,14
929,13
930,15
931,16
932,13
933,11
934,10
935,11
936,14
937,9
938,12
939,13
940,10
941,11
942,15
943,14
944,9
945,10
946,16
947,15
948,11
949,11
950,10
951,11
952,13
953,13
954,10
955,13
956,11
957,11
958,12
959,9
960,14
961,13
962,12
963,10
964,8
965,10
966,9
967,9
968,9
969,11
970,9
971,9
972,11
973,13
974,13
975,15
976,11
977,10
978,13
979,14
980,12
981,13
982,10
983,14
984,14
985,11
986,12
987,11
988,12
989,14
990,11
991,11
992,15
993,15
994,13
995,12
996,11
997,9
998,8
999,6
1000,8
1001,7
1002,6
1003,5
1004,6
1005,8
1006,9
1007,7
1008,8
1009,11
1010,14
1011,11
1012,12
1013,15
1014,16
1015,14
1016,17
1017,19
1018,17
1019,15
1020,19
1021,15
1022,14
1023,16
1024,14
1025,14
1026,11
1027,12
1028,14
1029,12
1030,11
1031,11
1032,12
1033,14
1034,9
1035,9
1036,9
1037,12
1038,13
1039,8
1040,9
1041,10
1042,10
1043,13
1044,10
1045,10
1046,12
1047,12
1048,13
1049,13
1050,12
1051,14
1052,11
1053,11
1054,12
1055,11
1056,6
1057,6
1058,5
1059,6
1060,7
1061,6
1062,8
1063,11
1064,11
1065,13
1066,12
1067,15
1068,14
1069,12
1070,19
1071,18
1072,19
1073,17
1074,17
1075,15
1076,12
1077,12
1078,13
1079,18
1080,14
1081,11
1082,10
1083,11
1084,13
1085,9
1086,9
1087,7
1088,10
1089,10
1090,10
1091,11
1092,14
1093,13
1094,11
1095,12
1096,11
1097,11
1098,12
1099,11
1100,12
1101,12
1102,11
1103,12
1104,12
1105,12
1106,13
1107,12
1108,12
1109,13
1110,13
1111,10
1112,12
1113,12
1114,12
1115,13
1116,16
1117,12
1118,12
1119,11
1120,10
1121,11
1122,11
1123,11
1124,10
1125,10
1126,12
1127,14
1128,15
1129,12
1130,11
1131,12
1132,11
1133,10
1134,11
1135,7
1136,11
1137,11
1138,9
1139,7
1140,9
1141,10
1142,12
1143,13
1144,12
1145,15
1146,16
1147,13
1148,14
1149,15
1150,15
1151,11
1152,9
1153,7
1154,11
1155,9
1156,10
1157,10
1158,14
1159,15
1160,13
1161,12
1162,12
1163,12
1164,10
1165,13
1166,12
1167,16
1168,9
1169,7
1170,8
1171,8
1172,7
1173,17
1174,16
1175,11
1176,10
1177,10
1178,9
1179,15
1180,12
1181,15
1182,16
1183,13
1184,15
1185,15
1186,13
1187,13
1188,11
1189,10
1190,11
1191,11
1192,12
1193,13
1194,14
1195,12
1196,12
1197,14
1198,11
1199,10
1200,8
1201,11
1202,11
1203,13
1204,11
1205,11
1206,13
1207,9
1208,10
1209,12
1210,10
1211,12
1212,14
1213,13
1214,11
1215,11
1216,15
1217,13
1218,12
1219,15
1220,14
1221,11
1222,13
1223,13
1224,14
1225,13
1226,10
1227,9
1228,11
1229,12
1230,13
1231,14
1232,12
1233,10
1234,11
1235,9
1236,7
1237,12
1238,13
1239,11
1240,11
1241,11
1242,9
1243,8
1244,12
1245,11
1246,11
1247,11
1248,11
1249,12
1250,12
1251,14
1252,13
1253,14
1254,12
1255,15
1256,13
1257,13
1258,12
1259,9
1260,7
1261,5
1262,11
1263,13
1264,11
1265,13
1266,13
1267,15
1268,12
1269,14
1270,12
1271,11
1272,14
1273,12
1274,10
1275,12
1276,9
1277,9
1278,11
1279,11
1280,9
1281,11
1282,8
1283,11
1284,7
1285,4
1286,5
1287,5
1288,8
1289,10
1290,9
1291,9
1292,9
1293,12
1294,11
1295,12
1296,12
1297,13
1298,14
1299,15
1300,16
1301,17
1302,18
1303,18
1304,16
1305,15
1306,18
1307,18
1308,13
1309,14
1310,11
1311,7
1312,8
1313,9
1314,10
1315,9
1316,10
1317,11
1318,11
1319,12
1320,12
1321,11
1322,12
1323,11
1324,13
1325,14
1326,12
1327,12
1328,13
1329,12
1330,15
1331,15
1332,15
1333,13
1334,15
1335,14
1336,14
1337,12
1338,12
1339,13
1340,12
1341,14
1342,12
1343,13
1344,12
1345,9
1346,9
1347,13
1348,11
1349,11
1350,9
1351,12
1352,9
1353,11
1354,13
1355,12
1356,6
1357,14
1358,9
1359,10
1360,10
1361,9
1362,15
1363,13
1364,12
1365,11
1366,11
1367,15
1368,8
1369,15
1370,15
1371,14
1372,13
1373,11
1374,9
1375,11
1376,12
1377,14
1378,11
1379,15
1380,13
1381,10
1382,11
1383,13
1384,10
1385,12
1386,11
1387,13
1388,10
1389,13
1390,11
1391,12
1392,10
1393,11
1394,12
1395,12
1396,11
1397,10
1398,10
1399,11
1400,13
1401,13
1402,12
1403,12
1404,10
1405,9
1406,13
1407,12
1408,10
1409,12
1410,11
1411,13
1412,14
1413,15
1414,16
1415,16
1416,14
1417,13
1418,15
1419,12
1420,14
1421,15
1422,13
1423,9
1424,11
1425,11
1426,12
1427,12
1428,10
1429,7
1430,9
1431,8
1432,8
1433,8
1434,9
1435,11
1436,10
1437,11
1438,11
1439,11
1440,11
1441,13
1442,15
1443,12
1444,10
1445,13
1446,13
1447,14
1448,12
1449,12
1450,13
1451,15
1452,14
1453,14
1454,10
1455,12
1456,11
1457,13
1458,11
1459,8
1460,10
1461,9
1462,8
1463,9
1464,8
1465,9
1466,12
1467,11
1468,12
1469,12
1470,10
1471,9
1472,14
1473,13
1474,11
1475,9
1476,9
1477,9
1478,8
1479,11
1480,14
1481,9
1482,9
1483,11
1484,8
1485,10
1486,11
1487,13
1488,13
1489,12
1490,12
1491,15
1492,10
1493,14
1494,15
1495,17
1496,14
1497,13
1498,13
1499,15
1500,11
1501,10
1502,10
1503,12
1504,15
1505,14
1506,14
1507,11
1508,8
1509,8
1510,10
1511,10
1512,10
1513,8
1514,12
1515,10
1516,8
1517,9
1518,10
1519,10
1520,10
1521,10
1522,13
1523,14
1524,8
1525,12
1526,14
1527,15
1528,14
1529,14
1530,17
1531,11
1532,12
1533,12
1534,16
1535,13
1536,11
1537,13
1538,10
1539,14
1540,17
1541,12
1542,12
1543,11
1544,12
1545,14
1546,13
1547,11
1548,12
1549,11
1550,15
1551,9
1552,11
1553,10
1554,10
1555,11
1556,10
1557,10
1558,9
1559,9
1560,11
1561,9
1562,11
1563,13
1564,13
1565,7
1566,9
1567,11
1568,9
1569,13
1570,13
1571,14
1572,12
1573,14
1574,14
1575,12
1576,12
1577,13
1578,12
1579,12
1580,11
1581,11
1582,11
1583,8
1584,9
1585,9
1586,10
1587,12
1588,11
1589,13
1590,12
1591,11
1592,13
1593,13
1594,12
1595,13
1596,12
1597,11
1598,9
1599,12
1600,9
1601,12
1602,10
1603,13
1604,12
1605,11
1606,13
1607,13
1608,14
1609,13
1610,15
1611,11
1612,10
1613,11
1614,11
1615,9
1616,11
1617,15
1618,14
1619,18
1620,13
1621,11
1622,13
1623,9
1624,13
1625,10
1626,12
1627,11
1628,9
1629,12
1630,8
1631,8
1632,9
1633,12
1634,13
1635,13
1636,13
1637,13
1638,12
1639,13
1640,14
1641,12
1642,11
1643,11
1644,12
1645,10
1646,11
1647,10
1648,11
1649,12
1650,13
1651,11
1652,12
1653,11
1654,10
1655,11
1656,11
1657,10
1658,13
1659,12
1660,13
1661,12
1662,12
1663,11
1664,13
1665,12
1666,13
1667,11
1668,9
1669,10
1670,13
1671,10
1672,12
1673,11
1674,12
1675,14
1676,15
1677,8
1678,9
1679,12
1680,12
1681,12
1682,15
1683,16
1684,9
1685,11
1686,13
1687,14
1688,14
1689,11
1690,11
1691,14
1692,12
1693,13
1694,10
1695,12
1696,13
1697,12
1698,13
1699,12
1700,11
1701,10
1702,12
1703,12
1704,12
1705,14
1706,6
1707,13
1708,14
1709,12
1710,10
1711,12
1712,12
1713,12
1714,12
1715,12
1716,9
1717,11
1718,10
1719,8
1720,11
1721,12
1722,10
1723,9
1724,10
1725,10
1726,16
1727,15
1728,12
1729,10
1730,14
1731,14
1732,10
1733,10
1734,11
1735,10
1736,11
1737,13
1738,14
1739,15
1740,9
1741,10
1742,11
1743,11
1744,13
1745,15
1746,13
1747,11
1748,12
1749,11
1750,12
1751,10
1752,8
1753,10
1754,12
1755,13
1756,11
1757,10
1758,10
1759,10
1760,10
1761,12
1762,15
1763,11
1764,6
1765,11
1766,10
1767,11
1768,10
1769,11
1770,14
1771,19
1772,13
1773,14
1774,13
1775,12
1776,13
1777,12
1778,9
1779,8
1780,12
1781,14
1782,14
1783,12
1784,9
1785,9
1786,12
1787,10
1788,11
1789,11
1790,10
1791,7
1792,12
1793,10
1794,10
1795,10
1796,8
1797,12
1798,13
1799,14
1800,12
1801,11
1802,11
1803,13
1804,11
1805,9
1806,10
1807,13
1808,12
1809,12
1810,10
1811,11
1812,13
1813,13
1814,13
1815,11
1816,11
1817,13
1818,14
1819,10
1820,10
1821,12
1822,12
1823,12
1824,11
1825,11
1826,14
1827,12
1828,12
1829,11
1830,15
1831,18
1832,12
1833,9
1834,11
1835,11
1836,11
1837,11
1838,9
1839,13
1840,13
1841,11
1842,13
1843,9
1844,7
1845,10
1846,10
1847,13
1848,10
1849,12
1850,11
1851,13
1852,12
1853,13
1854,14
1855,12
1856,13
1857,11
1858,12
1859,11
1860,7
1861,8
1862,9
1863,13
1864,9
1865,10
1866,11
1867,12
1868,9
1869,9
1870,11
1871,12
1872,12
1873,14
1874,13
1875,12
1876,17
1877,14
1878,15
1879,15
1880,15
1881,12
1882,12
1883,10
1884,13
1885,12
1886,10
1887,10
1888,14
1889,11
1890,10
1891,9
1892,9
1893,10
1894,9
1895,11
1896,13
1897,13
1898,13
1899,10
1900,7
1901,10
1902,15
1903,13
1904,13
1905,10
1906,12
1907,13
1908,15
1909,14
1910,12
1911,12
1912,10
1913,11
1914,11
1915,10
1916,11
1917,10
1918,10
1919,13
1920,11
1921,10
1922,10
1923,12
1924,10
1925,10
1926,10
1927,11
1928,11
1929,10
1930,10
1931,12
1932,11
1933,9
1934,9
1935,9
1936,13
1937,11
1938,13
1939,13
1940,12
1941,13
1942,13
1943,13
1944,15
1945,15
1946,16
1947,16
1948,15
1949,15
1950,11
1951,11
1952,13
1953,12
1954,14
1955,14
1956,11
1957,12
1958,11
1959,11
1960,14
1961,12
1962,13
1963,13
1964,13
1965,12
1966,12
1967,11
1968,10
1969,10
1970,9
1971,10
1972,12
1973,13
1974,12
1975,14
1976,12
1977,10
1978,10
1979,11
1980,11
1981,10
1982,11
1983,11
1984,15
1985,14
1986,13
1987,13
1988,17
1989,12
1990,11
1991,11
1992,13
1993,11
1994,11
1995,10
1996,13
1997,12
1998,10
1999,9
2000,9
2001,11
2002,11
2003,9
2004,10
2005,9
2006,10
2007,12
2008,10
2009,10
2010,10
2011,11
2012,12
2013,13
2014,10
2015,13
2016,14
2017,10
2018,10
2019,14
2020,11
2021,10
2022,9
2023,13
2024,15
2025,12
2026,13
2027,15
2028,11
2029,13
2030,10
2031,8
2032,9
2033,9
2034,10
2035,9
2036,11
2037,11
2038,15
2039,15
2040,12
2041,9
2042,11
2043,13
2044,14
2045,14
2046,12
2047,13
2048,14
2049,12
2050,10
2051,9
2052,9
2053,10
2054,10
2055,8
2056,11
2057,10
2058,10
2059,9
2060,8
2061,8
2062,10
2063,14
2064,17
2065,13
2066,15
2067,15
2068,15
2069,8
2070,10
2071,13
2072,15
2073,12
2074,10
2075,12
2076,16
2077,15
2078,16
2079,13
2080,10
2081,10
2082,13
2083,11
2084,13
2085,13
2086,12
2087,13
2088,15
2089,15
2090,13
2091,11
2092,9
2093,10
2094,7
2095,10
2096,12
2097,11
2098,10
2099,11
2100,10
2101,11
2102,13
2103,14
2104,14
2105,11
2106,13
2107,13
2108,10
2109,12
2110,12
2111,11
2112,9
2113,11
2114,13
2115,11
2116,10
2117,12
2118,11
2119,13
2120,16
2121,11
2122,14
2123,13
2124,10
2125,12
2126,10
2127,11
2128,10
2129,8
2130,13
2131,14
2132,14
2133,12
2134,13
2135,14
2136,14
2137,13
2138,10
2139,12
2140,16
2141,12
2142,10
2143,9
2144,16
2145,14
2146,12
2147,15
2148,17
2149,15
2150,14
2151,14
2152,17
2153,17
2154,13
2155,16
2156,17
2157,14
2158,11
2159,10
2160,8
2161,10
2162,10
2163,8
2164,7
2165,7
2166,6
2167,6
2168,5
2169,7
2170,8
2171,12
2172,12
2173,9
2174,12
2175,16
2176,11
2177,10
2178,9
2179,11
2180,11
2181,10
2182,10
2183,8
2184,9
2185,11
2186,14
2187,12
2188,12
2189,17
2190,16
2191,10
2192,12
2193,13
2194,13
2195,15
2196,12
2197,13
2198,16
2199,13
2200,12
2201,11
2202,10
2203,10
2204,9
2205,9
2206,12
2207,12
2208,9
2209,14
2210,16
2211,15
2212,11
2213,11
2214,11
2215,11
2216,12
2217,9
2218,10
2219,15
2220,14
2221,12
2222,10
2223,8
2224,11
2225,6
2226,6
2227,11
2228,11
2229,10
2230,10
2231,14
2232,13
2233,12
2234,13
2235,12
2236,13
2237,13
2238,9
2239,10
2240,14
2241,14
2242,16
2243,14
2244,15
2245,13
2246,13
2247,10
2248,13
2249,14
2250,14
2251,13
2252,13
2253,10
2254,15
2255,12
2256,10
2257,9
2258,7
2259,8
2260,11
2261,17
2262,11
2263,10
2264,12
2265,15
2266,11
2267,13
2268,14
2269,12
2270,10
2271,13
2272,10
2273,10
2274,12
2275,12
2276,10
2277,11
2278,9
2279,11
2280,11
2281,11
2282,13
2283,12
2284,12
2285,15
2286,12
2287,13
2288,13
2289,12
2290,11
2291,12
2292,11
2293,13
2294,12
2295,11
2296,11
2297,12
2298,14
2299,12
2300,12
2301,8
2302,10
2303,10
2304,12
2305,13
2306,14
2307,12
2308,13
2309,14
2310,11
2311,12
2312,10
2313,12
2314,11
2315,9
2316,10
2317,11
2318,11
2319,9
2320,10
2321,11
2322,13
2323,12
2324,13
2325,10
2326,9
2327,8
2328,11
2329,11
2330,13
2331,11
2332,13
2333,15
2334,12
2335,11
2336,15
2337,14
2338,15
2339,15
2340,15
2341,19
2342,17
2343,18
2344,12
2345,12
2346,13
2347,14
2348,14
2349,13
2350,14
2351,15
2352,12
2353,9
2354,8
2355,10
2356,9
2357,10
2358,7
2359,7
2360,8
2361,10
2362,10
2363,7
2364,11
2365,12
2366,9
2367,13
2368,11
2369,14
2370,13
2371,16
2372,13
2373,8
2374,10
2375,11
2376,15
2377,12
2378,10
2379,14
2380,15
2381,13
2382,9
2383,12
2384,13
2385,8
2386,12
2387,10
2388,11
2389,13
2390,15
2391,14
2392,13
2393,12
2394,10
2395,13
2396,14
2397,13
2398,10
2399,11
2400,11
2401,11
2402,15
2403,15
2404,10
2405,10
2406,12
2407,14
2408,12
2409,13
2410,11
2411,13
2412,14
2413,13
2414,12
2415,9
2416,12
2417,12
2418,11
2419,8
2420,9
2421,13
2422,13
2423,9
2424,8
2425,13
2426,9
2427,10
2428,7
2429,10
2430,16
2431,14
2432,10
2433,9
2434,10
2435,11
2436,10
2437,10
2438,12
2439,11
2440,10
2441,16
2442,15
2443,12
2444,13
2445,13
2446,12
2447,13
2448,8
2449,11
2450,14
2451,12
2452,11
2453,11
2454,11
2455,10
2456,11
2457,11
2458,9
2459,11
2460,15
2461,11
2462,11
2463,10
2464,7
2465,10
2466,9
2467,10
2468,10
2469,7
2470,10
2471,14
2472,14
2473,13
2474,13
2475,14
2476,15
2477,16
2478,14
2479,13
2480,13
2481,16
2482,12
2483,12
2484,16
2485,15
2486,11
2487,11
2488,12
2489,10
2490,10
2491,10
2492,8
2493,7
2494,11
2495,10
2496,9
2497,12
2498,11
2499,11
2500,13
2501,12
2502,9
2503,9
2504,12
2505,13
2506,12
2507,12
2508,13
2509,13
2510,9
2511,8
2512,10
2513,11
2514,14
2515,12
2516,10
2517,11
2518,17
2519,15
2520,13
2521,13
2522,14
2523,13
2524,12
2525,10
2526,9
2527,9
2528,16
2529,18
2530,15
2531,17
2532,11
2533,10
2534,11
2535,8
2536,9
2537,12
2538,11
2539,10
2540,12
2541,14
2542,12
2543,9
2544,8
2545,9
2546,8
2547,10
2548,10
2549,11
2550,12
2551,9
2552,11
2553,11
2554,13
2555,14
2556,11
2557,11
2558,10
2559,12
2560,11
2561,13
2562,14
2563,15
2564,14
2565,11
2566,11
2567,16
2568,13
2569,10
2570,12
2571,12
2572,11
2573,13
2574,11
2575,10
2576,13
2577,16
2578,14
2579,11
2580,9
2581,8
2582,8
2583,12
2584,6
2585,10
2586,13
2587,12
2588,11
2589,11
2590,11
2591,11
2592,13
2593,14
2594,13
2595,8
2596,15
2597,11
2598,12
2599,15
2600,13
2601,9
2602,12
2603,13
2604,11
2605,10
2606,10
2607,11
2608,10
2609,10
2610,10
2611,9
2612,11
2613,12
2614,7
2615,8
2616,10
2617,10
2618,8
2619,10
2620,10
2621,8
2622,10
2623,14
2624,14
2625,12
2626,10
2627,10
2628,11
2629,11
2630,10
2631,9
2632,9
2633,9
2634,9
2635,12
2636,9
2637,8
2638,8
2639,9
2640,11
2641,12
2642,11
2643,13
2644,12
2645,12
2646,14
2647,14
2648,13
2649,14
2650,13
2651,13
2652,15
2653,14
2654,15
2655,14
2656,15
2657,12
2658,14
2659,9
2660,12
2661,11
2662,13
2663,13
2664,13
2665,11
2666,12
2667,9
2668,10
2669,13
2670,16
2671,16
2672,14
2673,14
2674,11
2675,11
2676,12
2677,13
2678,14
2679,17
2680,15
2681,11
2682,10
2683,7
2684,10
2685,6
2686,9
2687,12
2688,17
2689,13
2690,13
2691,12
2692,12
2693,10
2694,13
2695,14
2696,12
2697,11
2698,11
2699,10
2700,8
2701,10
2702,9
2703,13
2704,11
2705,10
2706,9
2707,6
2708,5
2709,12
2710,12
2711,13
2712,13
2713,13
2714,15
2715,11
2716,9
2717,13
2718,14
2719,13
2720,9
2721,10
2722,9
2723,11
2724,10
2725,9
2726,11
2727,11
2728,11
2729,10
2730,10
2731,9
2732,11
2733,11
2734,9
2735,11
2736,9
2737,10
2738,14
2739,10
2740,12
2741,13
2742,16
2743,17
2744,15
2745,18
2746,16
2747,17
2748,17
2749,11
2750,11
2751,10
2752,8
2753,8
2754,11
2755,10
2756,14
2757,7
2758,9
2759,13
2760,7
2761,7
2762,12
2763,13
2764,13
2765,11
2766,10
2767,11
2768,11
2769,14
2770,11
2771,12
2772,15
2773,14
2774,16
2775,14
2776,10
2777,12
2778,12
2779,12
2780,11
2781,14
2782,12
2783,10
2784,12
2785,5
2786,8
2787,12
2788,13
2789,12
2790,6
2791,10
2792,6
2793,10
2794,10
2795,10
2796,11
2797,11
2798,15
2799,16
2800,14
2801,10
2802,13
2803,10
2804,11
2805,15
2806,12
2807,15
2808,15
2809,14
2810,10
2811,11
2812,15
2813,12
2814,8
2815,12
2816,12
2817,9
2818,9
2819,12
2820,11
2821,11
2822,12
2823,12
2824,8
2825,7
2826,7
2827,7
2828,8
2829,10
2830,12
2831,14
2832,14
2833,12
2834,14
2835,14
2836,11
2837,11
2838,13
2839,13
2840,17
2841,15
2842,11
2843,11
2844,9
2845,9
2846,12
2847,12
2848,10
2849,9
2850,9
2851,13
2852,13
2853,12
2854,17
2855,12
2856,12
2857,9
2858,13
2859,13
2860,14
2861,14
2862,13
2863,12
2864,15
2865,13
2866,8
2867,9
2868,9
2869,12
2870,11
2871,12
2872,9
2873,10
2874,8
2875,9
2876,9
2877,10
2878,10
2879,10
2880,14
2881,15
2882,11
2883,9
2884,7
2885,11
2886,11
2887,11
2888,10
2889,10
2890,10
2891,12
2892,12
2893,12
2894,11
2895,12
2896,14
2897,13
2898,12
2899,10
2900,10
2901,10
2902,10
2903,16
2904,16
2905,12
2906,13
2907,9
2908,10
2909,11
2910,10
2911,12
2912,12
2913,10
2914,11
2915,8
2916,9
2917,7
2918,8
2919,6
2920,9
2921,8
2922,11
2923,9
2924,10
2925,13
2926,9
2927,10
2928,13
2929,15
2930,15
2931,10
2932,14
2933,13
2934,14
2935,17
2936,15
2937,12
2938,16
2939,14
2940,9
2941,11
2942,12
2943,11
2944,14
2945,12
2946,10
2947,11
2948,14
2949,13
2950,11
2951,10
2952,11
2953,10
2954,8
2955,9
2956,9
2957,12
2958,13
2959,10
2960,6
2961,8
2962,10
2963,14
2964,15
2965,12
2966,12
2967,10
2968,10
2969,13
2970,15
2971,12
2972,17
2973,15
2974,15
2975,13
2976,9
2977,10
2978,12
2979,13
2980,14
2981,11
2982,10
2983,8
2984,9
2985,7
2986,10
2987,14
2988,12
2989,10
2990,13
2991,12
2992,11
2993,11
2994,10
2995,9
2996,13
2997,12
2998,13
2999,14
3000,16
3001,15
3002,11
3003,14
3004,12
3005,12
3006,12
3007,11
3008,9
3009,12
3010,14
3011,11
3012,10
3013,12
3014,12
3015,12
3016,12
3017,10
3018,10
3019,11
3020,12
3021,14
3022,13
3023,12
3024,13
3025,12
3026,12
3027,11
3028,9
3029,9
3030,10
3031,11
3032,13
3033,15
3034,13
3035,11
3036,12
3037,10
3038,9
3039,9
3040,9
3041,10
3042,8
3043,9
3044,10
3045,8
3046,10
3047,12
3048,14
3049,12
3050,10
3051,10
3052,12
3053,11
3054,14
3055,12
3056,10
3057,12
3058,14
3059,16
3060,13
3061,16
3062,14
3063,16
3064,14
3065,11
3066,9
3067,10
3068,13
3069,12
3070,12
3071,11
3072,10
3073,11
3074,12
3075,12
3076,12
3077,10
3078,10
3079,13
3080,12
3081,11
3082,11
3083,11
3084,13
3085,13
3086,13
3087,13
3088,12
3089,13
3090,11
3091,12
3092,11
3093,11
3094,11
3095,10
3096,10
3097,10
3098,11
3099,11
3100,12
3101,11
3102,12
3103,10
3104,12
3105,12
3106,13
3107,14
3108,12
3109,14
3110,10
3111,10
3112,10
3113,8
3114,9
3115,12
3116,13
3117,10
3118,11
3119,12
3120,13
3121,10
3122,13
3123,13
3124,13
3125,12
3126,10
3127,13
3128,14
3129,14
3130,16
3131,13
3132,12
3133,11
3134,12
3135,11
3136,8
3137,10
3138,12
3139,12
3140,10
3141,9
3142,12
3143,15
3144,12
3145,11
3146,10
3147,10
3148,15
3149,14
3150,12
3151,11
3152,13
3153,12
3154,12
3155,14
3156,14
3157,10
3158,10
3159,10
3160,12
3161,9
3162,9
3163,12
3164,11
3165,11
3166,11
3167,9
3168,7
3169,8
3170,10
3171,7
3172,8
3173,7
3174,8
3175,6
3176,7
3177,7
3178,7
3179,12
3180,14
3181,12
3182,16
3183,14
3184,13
3185,11
3186,13
3187,13
3188,12
3189,17
3190,16
3191,18
3192,16
3193,12
3194,12
3195,12
3196,11
3197,13
3198,15
3199,12
3200,12
3201,12
3202,12
3203,13
3204,11
3205,9
3206,11
3207,11
3208,11
3209,10
3210,11
3211,9
3212,11
3213,10
3214,11
3215,12
3216,10
3217,10
3218,8
3219,9
3220,12
3221,15
3222,11
3223,12
3224,12
3225,11
3226,13
3227,13
3228,15
3229,14
3230,15
3231,16
3232,15
3233,13
3234,14
3235,12
3236,13
3237,11
3238,9
3239,10
3240,9
3241,13
3242,13
3243,12
3244,10
3245,14
3246,12
3247,8
3248,12
3249,12
3250,12
3251,12
3252,14
3253,8
3254,9
3255,12
3256,12
3257,12
3258,9
3259,12
3260,12
3261,8
3262,12
3263,12
3264,15
3265,16
3266,13
3267,12
3268,10
3269,9
3270,8
3271,6
3272,11
3273,10
3274,13
3275,12
3276,10
3277,13
3278,17
3279,12
3280,8
3281,10
3282,13
3283,12
3284,15
3285,17
3286,12
3287,9
3288,9
3289,9
3290,10
3291,13
3292,12
3293,11
3294,11
3295,16
3296,10
3297,12
3298,13
3299,11
3300,14
3301,13
3302,11
3303,12
3304,13
3305,10
3306,10
3307,11
3308,12
3309,9
3310,8
3311,10
3312,12
3313,10
3314,13
3315,15
3316,13
3317,13
3318,12
3319,11
3320,9
3321,13
3322,17
3323,14
3324,13
3325,12
3326,9
3327,13
3328,10
3329,8
3330,4
3331,4
3332,9
3333,9
3334,12
3335,13
3336,12
3337,11
3338,11
3339,9
3340,10
3341,11
3342,10
3343,9
3344,11
3345,11
3346,13
3347,15
3348,13
3349,13
3350,11
3351,12
3352,17
3353,14
3354,13
3355,11
3356,12
3357,14
3358,13
3359,11
3360,15
3361,11
3362,9
3363,9
3364,8
3365,11
3366,13
3367,9
3368,11
3369,13
3370,9
3371,14
3372,15
3373,12
3374,13
3375,12
3376,9
3377,11
3378,14
3379,13
3380,13
3381,9
3382,8
3383,10
3384,9
3385,7
3386,10
3387,10
3388,13
3389,13
3390,13
3391,11
3392,10
3393,11
3394,12
3395,11
3396,11
3397,10
3398,13
3399,14
3400,11
3401,11
3402,10
3403,11
3404,16
3405,16
3406,14
3407,13
3408,11
3409,11
3410,11
3411,9
3412,12
3413,10
3414,7
3415,9
3416,13
3417,12
3418,12
3419,9
3420,11
3421,10
3422,10
3423,10
3424,8
3425,9
3426,11
3427,13
3428,9
3429,11
3430,11
3431,14
3432,13
3433,13
3434,13
3435,10
3436,9
3437,8
3438,12
3439,14
3440,9
3441,9
3442,10
3443,12
3444,14
3445,14
3446,16
3447,14
3448,12
3449,10
3450,11
3451,10
3452,12
3453,10
3454,10
3455,11
3456,15
3457,10
3458,8
3459,12
3460,15
3461,11
3462,11
3463,8
3464,12
3465,10
3466,14
3467,13
3468,13
3469,13
3470,10
3471,12
3472,11
3473,10
3474,9
3475,10
3476,11
3477,11
3478,12
3479,11
3480,10
3481,15
3482,13
3483,14
3484,14
3485,11
3486,9
3487,12
3488,10
3489,11
3490,12
3491,10
3492,10
3493,12
3494,12
3495,15
3496,11
3497,19
3498,12
3499,14
3500,15
3501,18
3502,17
3503,15
3504,12
3505,13
3506,15
3507,14
3508,14
3509,13
3510,12
3511,8
3512,6
3513,8
3514,7
3515,5
3516,8
3517,9
3518,10
3519,8
3520,6
3521,7
3522,6
3523,9
3524,11
3525,9
3526,11
3527,16
3528,15
3529,10
3530,12
3531,10
3532,11
3533,12
3534,12
3535,10
3536,15
3537,13
3538,10
3539,14
3540,12
3541,12
3542,10
3543,10
3544,9
3545,10
3546,10
3547,13
3548,13
3549,12
3550,13
3551,10
3552,11
3553,12
3554,10
3555,12
3556,8
3557,11
3558,11
3559,12
3560,9
3561,10
3562,11
3563,11
3564,13
3565,17
3566,15
3567,14
3568,15
3569,12
3570,14
3571,13
3572,13
3573,15
3574,16
3575,12
3576,11
3577,10
3578,8
3579,7
3580,8
3581,7
3582,8
3583,11
3584,12
3585,13
3586,11
3587,8
3588,6
3589,10
3590,8
3591,8
3592,7
3593,9
3594,5
3595,11
3596,13
3597,11
3598,15
3599,12
3600,12
3601,11
3602,12
3603,13
3604,15
3605,11
3606,10
3607,9
3608,14
3609,13
3610,11
3611,13
3612,12
3613,12
3614,11
3615,13
3616,10
3617,10
3618,12
3619,9
3620,10
3621,11
3622,9
3623,9
3624,6
3625,9
3626,10
3627,9
3628,10
3629,13
3630,14
3631,13
3632,10
3633,11
3634,12
3635,13
3636,12
3637,15
3638,13
3639,12
3640,11
3641,14
3642,11
3643,14
3644,9
3645,12
3646,13
3647,10
3648,11
3649,14
3650,12
3651,12
3652,15
3653,10
3654,14
3655,13
3656,11
3657,11
3658,12
3659,14
3660,14
3661,8
3662,9
3663,11
3664,9
3665,12
3666,10
3667,8
3668,12
3669,12
3670,14
3671,10
3672,9
3673,14
3674,11
3675,9
3676,12
3677,10
3678,11
3679,12
3680,14
3681,13
3682,9
3683,12
3684,10
3685,11
3686,10
3687,9
3688,8
3689,9
3690,10
3691,9
3692,12
3693,13
3694,11
3695,11
3696,11
3697,12
3698,11
3699,8
3700,10
3701,11
3702,16
3703,15
3704,14
3705,16
3706,14
3707,10
3708,9
3709,11
3710,11
3711,10
3712,7
3713,9
3714,8
3715,10
3716,10
3717,13
3718,11
3719,16
3720,15
3721,16
3722,13
3723,8
3724,11
3725,14
3726,11
3727,11
3728,14
3729,18
3730,18
3731,19
3732,13
3733,12
3734,13
3735,15
3736,11
3737,12
3738,11
3739,6
3740,7
3741,12
3742,12
3743,7
3744,11
3745,11
3746,13
3747,12
3748,13
3749,10
3750,11
3751,10
3752,13
3753,14
3754,13
3755,13
3756,10
3757,11
3758,10
3759,10
3760,11
3761,14
3762,13
3763,9
3764,10
3765,11
3766,9
3767,12
3768,10
3769,9
3770,9
3771,9
3772,11
3773,11
3774,11
3775,13
3776,12
3777,13
3778,13
3779,14
3780,15
3781,11
3782,10
3783,9
3784,12
3785,11
3786,11
3787,10
3788,11
3789,9
3790,10
3791,10
3792,10
3793,10
3794,13
3795,13
3796,12
3797,13
3798,13
3799,12
3800,12
3801,12
3802,12
3803,10
3804,9
3805,14
3806,11
3807,10
3808,7
3809,10
3810,12
3811,9
3812,10
3813,12
3814,12
3815,10
3816,9
3817,15
3818,13
3819,13
3820,10
3821,14
3822,11
3823,16
3824,14
3825,10
3826,11
3827,13
3828,12
3829,13
3830,14
3831,13
3832,10
3833,15
3834,12
3835,9
3836,10
3837,10
3838,10
3839,11
3840,14
3841,11
3842,10
3843,14
3844,15
3845,11
3846,8
3847,7
3848,8
3849,7
3850,11
3851,14
3852,10
3853,14
3854,13
3855,11
3856,10
3857,7
3858,10
3859,15
3860,16
3861,15
3862,16
3863,18
3864,10
3865,11
3866,13
3867,14
3868,14
3869,11
3870,7
3871,11
3872,12
3873,11
3874,13
3875,10
3876,13
3877,14
3878,13
3879,13
3880,8
3881,10
3882,11
3883,14
3884,11
3885,11
3886,10
3887,13
3888,14
3889,13
3890,9
3891,12
3892,10
3893,9
3894,12
3895,11
3896,9
3897,11
3898,14
3899,15
3900,13
3901,12
3902,10
3903,11
3904,8
3905,8
3906,9
3907,8
3908,7
3909,10
3910,13
3911,13
3912,14
3913,14
3914,15
3915,14
3916,11
3917,13
3918,11
3919,15
3920,13
3921,13
3922,14
3923,12
3924,12
3925,9
3926,10
3927,14
3928,13
3929,13
3930,10
3931,12
3932,12
3933,7
3934,9
3935,8
3936,10
3937,11
3938,10
3939,11
3940,11
3941,11
3942,11
3943,10
3944,12
3945,10
3946,10
3947,11
3948,13
3949,14
3950,13
3951,14
3952,12
3953,15
3954,13
3955,15
3956,12
3957,13
3958,16
3959,12
3960,10
3961,10
3962,10
3963,8
3964,8
3965,9
3966,12
3967,13
3968,11
3969,12
3970,13
3971,8
3972,11
3973,9
3974,9
3975,9
3976,10
3977,12
3978,13
3979,11
3980,12
3981,11
3982,10
3983,10
3984,10
3985,11
3986,15
3987,13
3988,10
3989,12
3990,14
3991,14
3992,13
3993,13
3994,11
3995,12
3996,14
3997,12
3998,12
3999,11
4000,9
4001,10
4002,12
4003,13
4004,13
4005,9
4006,11
4007,10
4008,13
4009,13
4010,11
4011,12
4012,12
4013,10
4014,9
4015,14
4016,12
4017,11
4018,10
4019,10
4020,12
4021,11
4022,13
4023,15
4024,15
4025,12
4026,11
4027,8
4028,12
4029,11
4030,9
4031,8
4032,12
4033,11
4034,10
4035,8
4036,9
4037,7
4038,9
4039,8
4040,12
4041,11
4042,11
4043,11
4044,11
4045,10
4046,11
4047,12
4048,13
4049,14
4050,14
4051,10
4052,11
4053,13
4054,12
4055,15
4056,13
4057,14
4058,15
4059,12
4060,11
4061,13
4062,12
4063,12
4064,12
4065,13
4066,9
4067,13
4068,14
4069,14
4070,13
4071,10
4072,16
4073,15
4074,11
4075,9
4076,10
4077,12
4078,15
4079,13
4080,11
4081,13
4082,12
4083,8
4084,12
4085,10
4086,11
4087,11
4088,11
4089,12
4090,9
4091,9
4092,7
4093,9
4094,8
4095,12
4096,11
4097,13
4098,14
4099,13
4100,15
4101,13
4102,14
4103,13
4104,12
4105,7
4106,12
4107,10
4108,12
4109,12
4110,13
4111,13
4112,5
4113,10
4114,13
4115,13
4116,10
4117,9
4118,14
4119,15
4120,13
4121,9
4122,12
4123,12
4124,10
4125,11
4126,11
4127,13
4128,10
4129,11
4130,13
4131,11
4132,11
4133,9
4134,9
4135,10
4136,10
4137,11
4138,11
4139,10
4140,8
4141,10
4142,9
4143,8
4144,10
4145,9
4146,13
4147,12
4148,15
4149,10
4150,11
4151,9
4152,14
4153,14
4154,14
4155,13
4156,12
4157,15
4158,15
4159,15
4160,10
4161,8
4162,12
4163,13
4164,14
4165,12
4166,9
4167,10
4168,12
4169,11
4170,11
4171,12
4172,12
4173,11
4174,10
4175,11
4176,13
4177,10
4178,11
4179,10
4180,11
4181,11
4182,11
4183,10
4184,11
4185,14
4186,13
4187,10
4188,14
4189,13
4190,12
4191,12
4192,12
4193,12
4194,9
4195,11
4196,12
4197,12
4198,11
4199,10
4200,13
4201,13
4202,12
4203,12
4204,10
4205,7
4206,13
4207,13
4208,12
4209,13
4210,11
4211,10
4212,11
4213,12
4214,14
4215,14
4216,12
4217,13
4218,11
4219,11
4220,13
4221,12
4222,11
4223,12
4224,10
4225,8
4226,12
4227,12
4228,10
4229,12
4230,13
4231,17
4232,13
4233,11
4234,10
4235,12
4236,12
4237,12
4238,9
4239,10
4240,11
4241,13
4242,15
4243,12
4244,8
4245,12
4246,13
4247,14
4248,12
4249,9
4250,9
4251,12
4252,11
4253,7
4254,9
4255,12
4256,12
4257,12
4258,11
4259,10
4260,10
4261,14
4262,17
4263,15
4264,13
4265,13
4266,12
4267,11
4268,12
4269,11
4270,12
4271,13
4272,15
4273,22
4274,19
4275,14
4276,8
4277,8
4278,6
4279,12
4280,9
4281,12
4282,9
4283,10
4284,9
4285,7
4286,12
4287,12
4288,12
4289,12
4290,12
4291,13
4292,17
4293,12
4294,11
4295,11
4296,9
4297,11
4298,12
4299,8
4300,8
4301,10
4302,10
4303,14
4304,12
4305,10
4306,8
4307,7
4308,10
4309,10
4310,11
4311,13
4312,15
4313,13
4314,11
4315,13
4316,15
4317,12
4318,13
4319,12
4320,11
4321,11
4322,12
4323,11
4324,14
4325,15
4326,15
4327,9
4328,7
4329,7
4330,9
4331,10
4332,9
4333,12
4334,10
4335,9
4336,13
4337,14
4338,13
4339,14
4340,12
4341,11
4342,13
4343,16
4344,12
4345,12
4346,10
4347,10
4348,11
4349,13
4350,11
4351,11
4352,12
4353,12
4354,11
4355,13
4356,15
4357,17
4358,18
4359,15
4360,15
4361,16
4362,14
4363,13
4364,13
4365,11
4366,12
4367,11
4368,10
4369,9
4370,9
4371,8
4372,7
4373,9
4374,8
4375,9
4376,9
4377,11
4378,13
4379,13
4380,8
4381,9
4382,14
4383,12
4384,11
4385,11
4386,13
4387,9
4388,14
4389,12
4390,9
4391,9
4392,11
4393,7
4394,10
4395,12
4396,10
4397,10
4398,12
4399,12
4400,11
4401,10
4402,12
4403,15
4404,13
4405,12
4406,13
4407,13
4408,12
4409,11
4410,13
4411,11
4412,12
4413,13
4414,13
4415,12
4416,15
4417,14
4418,12
4419,13
4420,11
4421,8
4422,10
4423,11
4424,15
4425,14
4426,9
4427,11
4428,9
4429,9
4430,7
4431,6
4432,8
4433,8
4434,10
4435,10
4436,10
4437,11
4438,10
4439,13
4440,14
4441,10
4442,11
4443,16
4444,12
4445,12
4446,15
4447,13
4448,13
4449,12
4450,14
4451,13
4452,13
4453,12
4454,13
4455,11
4456,11
4457,13
4458,14
4459,13
4460,10
4461,12
4462,11
4463,15
4464,11
4465,10
4466,9
4467,9
4468,8
4469,7
4470,10
4471,9
4472,8
4473,10
4474,11
4475,12
4476,14
4477,13
4478,13
4479,14
4480,9
4481,10
4482,9
4483,10
4484,10
4485,10
4486,8
4487,10
4488,10
4489,12
4490,10
4491,11
4492,12
4493,11
4494,9
4495,15
4496,13
4497,11
4498,9
4499,13
4500,12
4501,17
4502,15
4503,15
4504,13
4505,14
4506,13
4507,10
4508,10
4509,12
4510,12
4511,10
4512,11
4513,9
4514,12
4515,11
4516,13
4517,9
4518,11
4519,12
4520,11
4521,13
4522,11
4523,13
4524,13
4525,12
4526,10
4527,14
4528,13
4529,11
4530,15
4531,11
4532,11
4533,13
4534,12
4535,10
4536,8
4537,9
4538,12
4539,12
4540,13
4541,12
4542,9
4543,11
4544,9
4545,12
4546,13
4547,9
4548,12
4549,12
4550,13
4551,12
4552,14
4553,14
4554,17
4555,10
4556,13
4557,13
4558,10
4559,10
4560,11
4561,10
4562,12
4563,14
4564,10
4565,8
4566,9
4567,6
4568,9
4569,10
4570,11
4571,12
4572,15
4573,16
4574,9
4575,10
4576,11
4577,11
4578,9
4579,12
4580,15
4581,11
4582,13
4583,14
4584,12
4585,12
4586,12
4587,13
4588,12
4589,12
4590,10
4591,11
4592,12
4593,11
4594,12
4595,11
4596,10
4597,10
4598,10
4599,12
4600,12
4601,11
4602,12
4603,13
4604,11
4605,12
4606,11
4607,11
4608,9
4609,10
4610,11
4611,11
4612,8
4613,11
4614,13
4615,13
4616,13
4617,12
4618,13
4619,14
4620,14
4621,14
4622,15
4623,15
4624,14
4625,12
4626,11
4627,13
4628,12
4629,12
4630,12
4631,10
4632,11
4633,9
4634,10
4635,6
4636,9
4637,12
4638,10
4639,9
4640,13
4641,12
4642,11
4643,10
4644,9
4645,9
4646,10
4647,9
4648,8
4649,10
4650,13
4651,13
4652,12
4653,13
4654,12
4655,11
4656,13
4657,10
4658,13
4659,12
4660,12
4661,11
4662,12
4663,11
4664,12
4665,15
4666,15
4667,11
4668,11
4669,10
4670,9
4671,10
4672,11
4673,13
4674,10
4675,12
4676,11
4677,11
4678,10
4679,13
4680,14
4681,11
4682,11
4683,12
4684,15
4685,14
4686,16
4687,11
4688,12
4689,12
4690,11
4691,12
4692,13
4693,12
4694,12
4695,12
4696,11
4697,11
4698,10
4699,8
4700,7
4701,10
4702,10
4703,9
4704,11
4705,11
4706,11
4707,12
4708,12
4709,10
4710,12
4711,13
4712,13
4713,12
4714,13
4715,14
4716,12
4717,12
4718,13
4719,14
4720,13
4721,13
4722,10
4723,12
4724,12
4725,11
4726,12
4727,10
4728,7
4729,10
4730,15
4731,10
4732,11
4733,9
4734,9
4735,9
4736,11
4737,14
4738,16
4739,15
4740,12
4741,15
4742,14
4743,12
4744,13
4745,13
4746,14
4747,14
4748,13
4749,13
4750,10
4751,10
4752,8
4753,9
4754,10
4755,11
4756,14
4757,15
4758,11
4759,15
4760,8
4761,8
4762,8
4763,10
4764,9
4765,10
4766,9
4767,10
4768,8
4769,10
4770,11
4771,10
4772,10
4773,7
4774,12
4775,14
4776,15
4777,15
4778,17
4779,14
4780,11
4781,9
4782,12
4783,13
4784,9
4785,10
4786,9
4787,15
4788,9
4789,10
4790,7
4791,6
4792,7
4793,12
4794,10
4795,11
4796,11
4797,11
4798,12
4799,8
4800,11
4801,9
4802,10
4803,11
4804,15
4805,12
4806,9
4807,11
4808,11
4809,11
4810,11
4811,11
4812,12
4813,13
4814,11
4815,10
4816,10
4817,10
4818,12
4819,15
4820,13
4821,14
4822,14
4823,14
4824,11
4825,11
4826,11
4827,11
4828,10
4829,12
4830,10
4831,13
4832,13
4833,12
4834,12
4835,13
4836,10
4837,10
4838,12
4839,15
4840,15
4841,12
4842,12
4843,10
4844,7
4845,9
4846,8
4847,8
4848,12
4849,15
4850,13
4851,12
4852,12
4853,12
4854,13
4855,12
4856,12
4857,14
4858,11
4859,9
4860,12
4861,10
4862,10
4863,10
4864,9
4865,10
4866,11
4867,12
4868,14
4869,13
4870,12
4871,11
4872,15
4873,12
4874,14
4875,17
4876,13
4877,15
4878,13
4879,10
4880,13
4881,13
4882,11
4883,11
4884,9
4885,11
4886,11
4887,9
4888,10
4889,11
4890,7
4891,6
4892,7
4893,12
4894,9
4895,11
4896,10
4897,14
4898,9
4899,13
4900,11
4901,9
4902,8
4903,8
4904,12
4905,12
4906,11
4907,12
4908,17
4909,16
4910,16
4911,12
4912,17
4913,13
4914,10
4915,10
4916,14
4917,10
4918,11
4919,12
4920,10
4921,9
4922,10
4923,12
4924,11
4925,9
4926,9
4927,9
4928,13
4929,11
4930,13
4931,14
4932,12
4933,11
4934,10
4935,11
4936,11
4937,10
4938,13
4939,11
4940,9
4941,9
4942,12
4943,11
4944,10
4945,12
4946,11
4947,9
4948,8
4949,8
4950,11
4951,12
4952,12
4953,13
4954,13
4955,15
4956,12
4957,13
4958,15
4959,14
4960,11
4961,10
4962,13
4963,12
4964,9
4965,10
4966,12
4967,13
4968,14
4969,12
4970,11
4971,11
4972,12
4973,13
4974,12
4975,14
4976,12
4977,9
4978,10
4979,11
4980,8
4981,11
4982,12
4983,11
4984,11
4985,13
4986,12
4987,13
4988,10
4989,11
4990,9
4991,9
4992,6
4993,7
4994,10
4995,11
4996,11
4997,7
4998,9
4999,10
5000,11
5001,12
5002,13
5003,14
5004,13
5005,13
5006,13
5007,12
5008,14
5009,14
5010,14
5011,13
5012,12
5013,15
5014,12
5015,12
5016,14
5017,15
5018,13
5019,13
5020,10
5021,10
5022,10
5023,7
5024,14
5025,13
5026,12
5027,11
5028,12
5029,8
5030,11
5031,10
5032,11
5033,12
5034,12
5035,11
5036,9
5037,15
5038,14
5039,13
5040,12
5041,12
5042,14
5043,13
5044,12
5045,10
5046,9
5047,8
5048,15
5049,15
5050,12
5051,13
5052,12
5053,11
5054,13
5055,12
5056,15
5057,14
5058,12
5059,11
5060,11
5061,10
5062,7
5063,8
5064,10
5065,10
5066,14
5067,13
5068,13
5069,12
5070,12
5071,9
5072,9
5073,10
5074,12
5075,10
5076,11
5077,10
5078,12
5079,10
5080,11
5081,12
5082,13
5083,14
5084,13
5085,14
5086,16
5087,16
5088,13
5089,14
5090,14
5091,11
5092,10
5093,11
5094,11
5095,11
5096,15
5097,11
5098,12
5099,12
5100,12
5101,12
5102,10
5103,10
5104,10
5105,11
5106,11
5107,11
5108,9
5109,11
5110,12
5111,11
5112,12
5113,12
5114,11
5115,10
5116,11
5117,10
5118,11
5119,10
5120,13
5121,10
5122,9
5123,11
5124,11
5125,13
5126,11
5127,11
5128,11
5129,10
5130,11
5131,13
5132,11
5133,12
5134,12
5135,10
5136,12
5137,16
5138,14
5139,14
5140,12
5141,13
5142,12
5143,11
5144,10
5145,9
5146,10
5147,10
5148,12
5149,13
5150,12
5151,9
5152,11
5153,11
5154,10
5155,9
5156,13
5157,14
5158,11
5159,13
5160,13
5161,12
5162,15
5163,16
5164,11
5165,13
5166,11
5167,11
5168,11
5169,15
5170,16
5171,9
5172,12
5173,11
5174,10
5175,8
5176,10
5177,8
5178,8
5179,11
5180,11
5181,15
5182,13
5183,12
5184,10
5185,13
5186,12
5187,10
5188,11
5189,8
5190,9
5191,11
5192,11
5193,14
5194,11
5195,12
5196,15
5197,13
5198,12
5199,12
5200,14
5201,12
5202,11
5203,11
5204,11
5205,10
5206,10
5207,13
5208,14
5209,15
5210,13
5211,9
5212,10
5213,8
5214,11
5215,13
5216,11
5217,14
5218,10
5219,8
5220,5
5221,9
5222,9
5223,8
5224,11
5225,11
5226,13
5227,14
5228,12
5229,10
5230,11
5231,15
5232,17
5233,15
5234,12
5235,12
5236,13
5237,11
5238,13
5239,7
5240,9
5241,11
5242,6
5243,9
5244,8
5245,10
5246,12
5247,8
5248,10
5249,7
5250,7
5251,12
5252,16
5253,14
5254,13
5255,15
5256,14
5257,11
5258,13
5259,11
5260,9
5261,13
5262,11
5263,11
5264,10
5265,10
5266,12
5267,9
5268,10
5269,9
5270,9
5271,11
5272,11
5273,16
5274,16
5275,11
5276,8
5277,10
5278,10
5279,9
5280,11
5281,8
5282,13
5283,12
5284,13
5285,12
5286,12
5287,19
5288,14
5289,13
5290,14
5291,15
5292,12
5293,10
5294,16
5295,17
5296,16
5297,12
5298,12
5299,11
5300,11
5301,10
5302,13
5303,10
5304,7
5305,9
5306,6
5307,9
5308,7
5309,11
5310,9
5311,12
5312,13
5313,14
5314,12
5315,13
5316,8
5317,12
5318,14
5319,13
5320,14
5321,12
5322,13
5323,9
5324,10
5325,12
5326,11
5327,8
5328,11
5329,11
5330,10
5331,9
5332,11
5333,12
5334,9
5335,11
5336,10
5337,12
5338,11
5339,13
5340,10
5341,10
5342,11
5343,12
5344,12
5345,10
5346,9
5347,10
5348,10
5349,9
5350,14
5351,15
5352,13
5353,9
5354,9
5355,13
5356,10
5357,11
5358,13
5359,12
5360,14
5361,9
5362,8
5363,8
5364,9
5365,11
5366,11
5367,12
5368,11
5369,15
5370,11
5371,10
5372,13
5373,11
5374,8
5375,13
5376,10
5377,13
5378,12
5379,14
5380,12
5381,12
5382,10
5383,9
5384,11
5385,14
5386,12
5387,9
5388,10
5389,11
5390,14
5391,16
5392,17
5393,12
5394,12
5395,11
5396,11
5397,10
5398,10
5399,9
5400,14
5401,14
5402,11
5403,11
5404,9
5405,11
5406,12
5407,10
5408,14
5409,14
5410,11
5411,13
5412,7
5413,6
5414,7
5415,11
5416,14
5417,14
5418,12
5419,12
5420,11
5421,11
5422,9
5423,9
5424,12
5425,10
5426,12
5427,13
5428,13
5429,18
5430,16
5431,13
5432,11
5433,12
5434,11
5435,13
5436,10
5437,10
5438,9
5439,14
5440,11
5441,13
5442,11
5443,11
5444,9
5445,6
5446,11
5447,11
5448,14
5449,11
5450,10
5451,13
5452,13
5453,11
5454,10
5455,9
5456,11
5457,10
5458,9
5459,10
5460,9
5461,10
5462,14
5463,11
5464,11
5465,13
5466,15
5467,13
5468,11
5469,13
5470,9
5471,12
5472,9
5473,12
5474,10
5475,12
5476,12
5477,13
5478,11
5479,15
5480,14
5481,17
5482,14
5483,13
5484,11
5485,14
5486,10
5487,12
5488,11
5489,11
5490,11
5491,10
5492,9
5493,12
5494,12
5495,6
5496,5
5497,9
5498,9
5499,9
5500,12
5501,11
5502,12
5503,11
5504,13
5505,12
5506,13
5507,11
5508,13
5509,14
5510,11
5511,12
5512,13
5513,14
5514,12
5515,10
5516,12
5517,9
5518,8
5519,6
5520,8
5521,11
5522,11
5523,8
5524,9
5525,10
5526,12
5527,9
5528,9
5529,11
5530,13
5531,13
5532,13
5533,12
5534,13
5535,13
5536,9
5537,12
5538,14
5539,12
5540,10
5541,15
5542,17
5543,10
5544,11
5545,12
5546,9
5547,11
5548,10
5549,10
5550,13
5551,7
5552,12
5553,11
5554,11
5555,12
5556,9
5557,13
5558,12
5559,10
5560,10
5561,10
5562,10
5563,11
5564,13
5565,12
5566,11
5567,12
5568,11
5569,11
5570,11
5571,9
5572,10
5573,8
5574,9
5575,11
5576,11
5577,10
5578,13
5579,12
5580,11
5581,10
5582,8
5583,12
5584,13
5585,11
5586,9
5587,13
5588,12
5589,15
5590,13
5591,10
5592,11
5593,14
5594,13
5595,13
5596,14
5597,12
5598,13
5599,10
5600,8
5601,11
5602,12
5603,11
5604,10
5605,12
5606,12
5607,11
5608,5
5609,9
5610,10
5611,13
5612,12
5613,11
5614,12
5615,12
5616,11
5617,10
5618,14
5619,12
5620,13
5621,11
5622,8
5623,9
5624,10
5625,12
5626,14
5627,12
5628,13
5629,14
5630,14
5631,12
5632,13
5633,12
5634,11
5635,11
5636,10
5637,8
5638,8
5639,10
5640,12
5641,10
5642,7
5643,10
5644,13
5645,12
5646,11
5647,9
5648,10
5649,12
5650,14
5651,12
5652,13
5653,12
5654,12
5655,13
5656,16
5657,13
5658,11
5659,11
5660,11
5661,11
5662,11
5663,14
5664,16
5665,12
5666,10
5667,9
5668,9
5669,11
5670,13
5671,12
5672,10
5673,9
5674,12
5675,13
5676,9
5677,10
5678,10
5679,9
5680,8
5681,11
5682,14
5683,13
5684,14
5685,12
5686,13
5687,12
5688,12
5689,11
5690,11
5691,11
5692,13
5693,14
5694,10
5695,12
5696,15
5697,13
5698,12
5699,12
5700,12
5701,11
5702,10
5703,12
5704,12
5705,13
5706,13
5707,12
5708,14
5709,13
5710,13
5711,14
5712,13
5713,13
5714,12
5715,9
5716,9
5717,8
5718,9
5719,10
5720,12
5721,14
5722,11
5723,10
5724,13
5725,11
5726,6
5727,11
5728,8
5729,12
5730,9
5731,8
5732,12
5733,11
5734,9
5735,11
5736,13
5737,12
5738,12
5739,10
5740,14
5741,11
5742,11
5743,10
5744,12
5745,15
5746,12
5747,12
5748,15
5749,13
5750,14
5751,12
5752,13
5753,8
5754,9
5755,8
5756,7
5757,9
5758,13
5759,11
5760,12
5761,9
5762,16
5763,12
5764,14
5765,12
5766,9
5767,9
5768,11
5769,11
5770,9
5771,13
5772,12
5773,12
5774,13
5775,13
5776,10
5777,6
5778,10
5779,9
5780,9
5781,9
5782,9
5783,11
5784,11
5785,13
5786,16
5787,13
5788,11
5789,10
5790,10
5791,12
5792,11
5793,10
5794,10
5795,13
5796,11
5797,12
5798,10
5799,8
5800,8
5801,7
5802,9
5803,8
5804,10
5805,11
5806,13
5807,12
5808,12
5809,13
5810,14
5811,14
5812,15
5813,13
5814,13
5815,14
5816,13
5817,14
5818,16
5819,15
5820,13
5821,14
5822,11
5823,12
5824,9
5825,9
5826,10
5827,10
5828,9
5829,7
5830,6
5831,8
5832,8
5833,9
5834,15
5835,14
5836,15
5837,12
5838,12
5839,12
5840,12
5841,13
5842,12
5843,12
5844,15
5845,14
5846,12
5847,11
5848,12
5849,12
5850,10
5851,9
5852,10
5853,11
5854,11
5855,10
5856,14
5857,16
5858,8
5859,13
5860,13
5861,17
5862,15
5863,11
5864,9
5865,10
5866,15
5867,13
5868,9
5869,9
5870,10
5871,9
5872,11
5873,7
5874,10
5875,7
5876,8
5877,11
5878,12
5879,11
5880,11
5881,12
5882,13
5883,12
5884,12
5885,10
5886,14
5887,12
5888,9
5889,10
5890,13
5891,13
5892,14
5893,14
5894,11
5895,11
5896,12
5897,13
5898,10
5899,9
5900,10
5901,8
5902,10
5903,12
5904,11
5905,10
5906,13
5907,14
5908,10
5909,10
5910,12
5911,12
5912,10
5913,13
5914,14
5915,11
5916,12
5917,13
5918,10
5919,11
5920,11
5921,14
5922,12
5923,13
5924,14
5925,15
5926,9
5927,12
5928,13
5929,9
5930,9
5931,8
5932,7
5933,10
5934,9
5935,11
5936,10
5937,10
5938,10
5939,11
5940,13
5941,13
5942,12
5943,12
5944,12
5945,13
5946,12
5947,13
5948,16
5949,14
5950,13
5951,14
5952,12
5953,12
5954,10
5955,11
5956,12
5957,12
5958,12
5959,9
5960,12
5961,10
5962,8
5963,8
5964,11
5965,10
5966,9
5967,12
5968,11
5969,9
5970,10
5971,9
5972,11
5973,10
5974,12
5975,14
5976,13
5977,11
5978,13
5979,12
5980,11
5981,15
5982,10
5983,13
5984,12
5985,11
5986,13
5987,11
5988,13
5989,14
5990,14
5991,14
5992,15
5993,13
5994,11
5995,10
5996,11
5997,11
5998,12
5999,10
6000,10
6001,12
6002,13
6003,11
6004,10
6005,11
6006,9
6007,7
6008,10
6009,9
6010,12
6011,11
6012,11
6013,12
6014,12
6015,12
6016,13
6017,12
6018,11
6019,11
6020,10
6021,10
6022,10
6023,8
6024,10
6025,12
6026,14
6027,12
6028,13
6029,12
6030,12
6031,13
6032,10
6033,9
6034,10
6035,11
6036,11
6037,9
6038,11
6039,10
6040,10
6041,14
6042,12
6043,10
6044,8
6045,11
6046,14
6047,14
6048,13
6049,15
6050,13
6051,15
6052,12
6053,15
6054,13
6055,11
6056,9
6057,11
6058,10
6059,9
6060,9
6061,12
6062,10
6063,11
6064,11
6065,10
6066,14
6067,11
6068,10
6069,12
6070,13
6071,12
6072,10
6073,9
6074,11
6075,11
6076,13
6077,14
6078,10
6079,12
6080,10
6081,11
6082,13
6083,13
6084,11
6085,10
6086,12
6087,16
6088,15
6089,15
6090,13
6091,12
6092,11
6093,12
6094,12
6095,9
6096,11
6097,11
6098,10
6099,13
6100,14
6101,11
6102,11
6103,9
6104,8
6105,11
6106,9
6107,13
6108,9
6109,11
6110,11
6111,11
6112,11
6113,13
6114,14
6115,12
6116,13
6117,11
6118,14
6119,13
6120,12
6121,14
6122,11
6123,9
6124,12
6125,15
6126,13
6127,10
6128,10
6129,12
6130,12
6131,14
6132,15
6133,13
6134,13
6135,9
6136,10
6137,12
6138,10
6139,10
6140,12
6141,10
6142,10
6143,10
6144,12
6145,9
6146,7
6147,9
6148,12
6149,9
6150,7
6151,7
6152,10
6153,10
6154,11
6155,11
6156,12
6157,12
6158,11
6159,11
6160,10
6161,13
6162,12
6163,13
6164,13
6165,13
6166,14
6167,13
6168,13
6169,14
6170,15
6171,10
6172,11
6173,10
6174,10
6175,11
6176,11
6177,8
6178,10
6179,13
6180,10
6181,8
6182,10
6183,10
6184,15
6185,13
6186,12
6187,14
6188,13
6189,11
6190,12
6191,12
6192,10
6193,10
6194,13
6195,11
6196,11
6197,10
6198,9
6199,10
6200,10
6201,11
6202,12
6203,13
6204,13
6205,11
6206,12
6207,13
6208,13
6209,14
6210,16
6211,13
6212,13
6213,17
6214,18
6215,15
6216,12
6217,12
6218,12
6219,11
6220,11
6221,13
6222,11
6223,11
6224,13
6225,8
6226,8
6227,10
6228,9
6229,8
6230,7
6231,11
6232,12
6233,10
6234,12
6235,15
6236,14
6237,12
6238,9
6239,14
6240,13
6241,12
6242,11
6243,11
6244,13
6245,14
6246,13
6247,13
6248,13
6249,12
6250,13
6251,10
6252,15
6253,14
6254,15
6255,12
6256,10
6257,9
6258,10
6259,10
6260,9
6261,9
6262,9
6263,10
6264,9
6265,11
6266,11
6267,12
6268,9
6269,8
6270,10
6271,13
6272,12
6273,11
6274,13
6275,13
6276,9
6277,11
6278,12
6279,12
6280,13
6281,12
6282,8
6283,7
6284,9
6285,9
6286,10
6287,11
6288,12
6289,12
6290,9
6291,9
6292,9
6293,12
6294,15
6295,10
6296,14
6297,17
6298,13
6299,12
6300,11
6301,11
6302,12
6303,10
6304,9
6305,9
6306,11
6307,12
6308,12
6309,12
6310,11
6311,14
6312,12
6313,11
6314,9
6315,11
6316,13
6317,13
6318,11
6319,10
6320,13
6321,12
6322,12
6323,13
6324,11
6325,10
6326,8
6327,9
6328,11
6329,11
6330,14
6331,11
6332,9
6333,11
6334,10
6335,8
6336,11
6337,10
6338,12
6339,12
6340,9
6341,6
6342,9
6343,10
6344,15
6345,9
6346,9
6347,12
6348,11
6349,11
6350,16
6351,16
6352,12
6353,13
6354,14
6355,10
6356,11
6357,9
6358,13
6359,13
6360,13
6361,10
6362,13
6363,8
6364,9
6365,11
6366,12
6367,9
6368,9
6369,8
6370,11
6371,13
6372,11
6373,11
6374,11
6375,11
6376,9
6377,8
6378,9
6379,9
6380,9
6381,7
6382,10
6383,12
6384,14
6385,11
6386,12
6387,13
6388,17
6389,13
6390,13
6391,13
6392,14
6393,11
6394,10
6395,14
6396,10
6397,10
6398,10
6399,12
6400,10
6401,11
6402,14
6403,14
6404,14
6405,15
6406,14
6407,12
6408,12
6409,13
6410,11
6411,10
6412,12
6413,10
6414,11
6415,13
6416,13
6417,15
6418,13
6419,13
6420,11
6421,12
6422,14
6423,10
6424,9
6425,9
6426,8
6427,10
6428,12
6429,11
6430,12
6431,12
6432,13
6433,11
6434,12
6435,10
6436,11
6437,13
6438,6
6439,10
6440,13
6441,8
6442,10
6443,9
6444,11
6445,7
6446,11
6447,13
6448,10
6449,12
6450,12
6451,12
6452,15
6453,15
6454,16
6455,11
6456,12
6457,14
6458,14
6459,15
6460,11
6461,11
6462,13
6463,12
6464,15
6465,11
6466,10
6467,10
6468,11
6469,12
6470,11
6471,9
6472,14
6473,15
6474,12
6475,17
6476,11
6477,11
6478,13
6479,12
6480,16
6481,14
6482,13
6483,10
6484,9
6485,9
6486,12
6487,10
6488,10
6489,11
6490,6
6491,5
6492,7
6493,10
6494,13
6495,16
6496,11
6497,12
6498,12
6499,13
6500,12
6501,10
6502,14
6503,9
6504,7
6505,8
6506,11
6507,12
6508,10
6509,10
6510,11
6511,9
6512,9
6513,10
6514,12
6515,10
6516,11
6517,11
6518,8
6519,14
6520,18
6521,14
6522,13
6523,12
6524,16
6525,12
6526,11
6527,10
6528,12
6529,12
6530,11
6531,11
6532,12
6533,12
6534,14
6535,12
6536,11
6537,10
6538,15
6539,14
6540,10
6541,13
6542,15
6543,12
6544,13
6545,13
6546,13
6547,11
6548,9
6549,9
6550,10
6551,10
6552,11
6553,11
6554,14
6555,10
6556,9
6557,11
6558,8
6559,11
6560,9
6561,10
6562,13
6563,13
6564,11
6565,11
6566,15
6567,13
6568,12
6569,12
6570,11
6571,14
6572,14
6573,13
6574,10
6575,8
6576,12
6577,14
6578,16
6579,13
6580,12
6581,15
6582,13
6583,16
6584,15
6585,9
6586,9
6587,12
6588,8
6589,8
6590,7
6591,6
6592,13
6593,12
6594,12
6595,12
6596,12
6597,11
6598,9
6599,8
6600,10
6601,10
6602,10
6603,11
6604,13
6605,12
6606,10
6607,12
6608,11
6609,13
6610,11
6611,14
6612,11
6613,11
6614,10
6615,10
6616,9
6617,10
6618,10
6619,11
6620,10
6621,10
6622,11
6623,13
6624,10
6625,10
6626,11
6627,12
6628,9
6629,12
6630,14
6631,12
6632,12
6633,12
6634,9
6635,11
6636,11
6637,16
6638,13
6639,8
6640,9
6641,12
6642,11
6643,12
6644,11
6645,8
6646,7
6647,12
6648,11
6649,12
6650,13
6651,15
6652,13
6653,9
6654,7
6655,9
6656,10
6657,11
6658,12
6659,14
6660,13
6661,12
6662,12
6663,14
6664,11
6665,11
6666,13
6667,14
6668,13
6669,13
6670,12
6671,11
6672,11
6673,11
6674,8
6675,6
6676,8
6677,10
6678,10
6679,12
6680,13
6681,13
6682,12
6683,12
6684,11
6685,11
6686,11
6687,10
6688,12
6689,10
6690,12
6691,12
6692,11
6693,9
6694,9
6695,14
6696,12
6697,8
6698,12
6699,11
6700,12
6701,11
6702,12
6703,13
6704,14
6705,15
6706,14
6707,11
6708,10
6709,11
6710,10
6711,10
6712,9
6713,10
6714,9
6715,8
6716,10
6717,11
6718,9
6719,7
6720,9
6721,12
6722,13
6723,15
6724,14
6725,12
6726,11
6727,11
6728,12
6729,11
6730,11
6731,11
6732,8
6733,13
6734,12
6735,11
6736,11
6737,11
6738,11
6739,12
6740,14
6741,12
6742,11
6743,12
6744,10
6745,10
6746,13
6747,12
6748,8
6749,8
6750,9
6751,10
6752,8
6753,6
6754,12
6755,11
6756,9
6757,10
6758,13
6759,15
6760,13
6761,10
6762,10
6763,13
6764,10
6765,11
6766,12
6767,10
6768,7
6769,9
6770,12
6771,6
6772,12
6773,14
6774,9
6775,12
6776,10
6777,12
6778,14
6779,13
6780,13
6781,16
6782,15
6783,11
6784,9
6785,8
6786,8
6787,6
6788,9
6789,12
6790,13
6791,10
6792,13
6793,17
6794,14
6795,13
6796,14
6797,15
6798,14
6799,14
6800,12
6801,17
6802,13
6803,15
6804,14
6805,12
6806,12
6807,10
6808,10
6809,9
6810,11
6811,9
6812,9
6813,7
6814,5
6815,8
6816,12
6817,11
6818,12
6819,14
6820,14
6821,11
6822,11
6823,9
6824,10
6825,8
6826,9
6827,10
6828,8
6829,10
6830,9
6831,12
6832,11
6833,11
6834,12
6835,13
6836,12
6837,13
6838,13
6839,14
6840,12
6841,13
6842,12
6843,14
6844,12
6845,11
6846,11
6847,13
6848,9
6849,12
6850,13
6851,13
6852,14
6853,14
6854,15
6855,15
6856,12
6857,13
6858,15
6859,14
6860,9
6861,10
6862,12
6863,9
6864,12
6865,13
6866,12
6867,11
6868,11
6869,11
6870,9
6871,9
6872,10
6873,10
6874,9
6875,9
6876,7
6877,10
6878,12
6879,10
6880,13
6881,11
6882,9
6883,12
6884,14
6885,11
6886,11
6887,9
6888,11
6889,11
6890,10
6891,11
6892,11
6893,13
6894,8
6895,11
6896,12
6897,13
6898,12
6899,13
6900,10
6901,11
6902,12
6903,13
6904,13
6905,11
6906,9
6907,11
6908,13
6909,12
6910,11
6911,14
6912,10
6913,11
6914,10
6915,13
6916,14
6917,11
6918,14
6919,13
6920,14
6921,12
6922,12
6923,12
6924,10
6925,13
6926,12
6927,10
6928,8
6929,10
6930,12
6931,10
6932,11
6933,14
6934,9
6935,12
6936,10
6937,10
6938,12
6939,12
6940,9
6941,11
6942,10
6943,13
6944,6
6945,8
6946,8
6947,10
6948,9
6949,9
6950,12
6951,14
6952,14
6953,9
6954,11
6955,12
6956,14
6957,17
6958,15
6959,7
6960,16
6961,15
6962,12
6963,11
6964,15
6965,14
6966,14
6967,11
6968,12
6969,5
6970,9
6971,14
6972,14
6973,11
6974,11
6975,7
6976,10
6977,8
6978,8
6979,10
6980,10
6981,9
6982,11
6983,12
6984,10
6985,13
6986,15
6987,17
6988,13
6989,11
6990,13
6991,12
6992,13
6993,13
6994,12
6995,13
6996,14
6997,8
6998,8
6999,10
7000,8
7001,10
7002,14
7003,11
7004,7
7005,8
7006,14
7007,11
7008,13
7009,14
7010,11
7011,12
7012,13
7013,12
7014,11
7015,12
7016,11
7017,10
7018,13
7019,14
7020,15
7021,12
7022,13
7023,12
7024,11
7025,12
7026,9
7027,10
7028,9
7029,11
7030,9
7031,11
7032,10
7033,12
7034,11
7035,8
7036,9
7037,10
7038,11
7039,15
7040,13
7041,11
7042,12
7043,12
7044,10
7045,10
7046,8
7047,10
7048,9
7049,9
7050,11
7051,8
7052,7
7053,9
7054,12
7055,12
7056,12
7057,12
7058,12
7059,13
7060,11
7061,9
7062,12
7063,12
7064,13
7065,11
7066,13
7067,13
7068,13
7069,13
7070,13
7071,13
7072,11
7073,12
7074,12
7075,16
7076,15
7077,12
7078,10
7079,12
7080,11
7081,10
7082,8
7083,10
7084,10
7085,10
7086,11
7087,13
7088,14
7089,14
7090,7
7091,10
7092,12
7093,11
7094,10
7095,11
7096,11
7097,10
7098,9
7099,12
7100,9
7101,8
7102,13
7103,15
7104,12
7105,15
7106,12
7107,11
7108,15
7109,13
7110,10
7111,13
7112,12
7113,11
7114,13
7115,12
7116,13
7117,11
7118,12
7119,11
7120,13
7121,14
7122,14
7123,13
7124,11
7125,12
7126,9
7127,11
7128,10
7129,10
7130,11
7131,10
7132,9
7133,9
7134,9
7135,10
7136,11
7137,11
7138,10
7139,12
7140,13
7141,9
7142,13
7143,11
7144,11
7145,12
7146,12
7147,12
7148,8
7149,11
7150,12
7151,12
7152,11
7153,11
7154,10
7155,12
7156,13
7157,13
7158,14
7159,11
7160,13
7161,7
7162,9
7163,13
7164,12
7165,10
7166,10
7167,10
7168,13
7169,13
7170,12
7171,13
7172,15
7173,13
7174,11
7175,15
7176,14
7177,15
7178,14
7179,16
7180,13
7181,15
7182,13
7183,14
7184,11
7185,9
7186,8
7187,6
7188,9
7189,8
7190,10
7191,8
7192,8
7193,4
7194,8
7195,11
7196,13
7197,13
7198,13
7199,14
7200,12
7201,11
7202,14
7203,13
7204,12
7205,11
7206,13
7207,12
7208,11
7209,12
7210,11
7211,10
7212,11
7213,11
7214,11
7215,10
7216,14
7217,13
7218,10
7219,11
7220,11
7221,10
7222,13
7223,9
7224,8
7225,7
7226,10
7227,11
7228,9
7229,5
7230,8
7231,12
7232,14
7233,13
7234,11
7235,9
7236,9
7237,9
7238,7
7239,8
7240,9
7241,11
7242,11
7243,13
7244,10
7245,11
7246,11
7247,11
7248,13
7249,13
7250,14
7251,14
7252,13
7253,12
7254,12
7255,12
7256,14
7257,13
7258,12
7259,10
7260,10
7261,10
7262,12
7263,12
7264,12
7265,11
7266,10
7267,11
7268,16
7269,15
7270,16
7271,15
7272,13
7273,13
7274,15
7275,13
7276,11
7277,14
7278,11
7279,11
7280,13
7281,11
7282,10
7283,9
7284,7
7285,8
7286,9
7287,8
7288,8
7289,9
7290,11
7291,12
7292,12
7293,9
7294,13
7295,13
7296,12
7297,11
7298,12
7299,13
7300,10
7301,11
7302,9
7303,10
7304,9
7305,11
7306,14
7307,13
7308,11
7309,14
7310,12
7311,10
7312,13
7313,11
7314,10
7315,10
7316,12
7317,13
7318,13
7319,8
7320,7
7321,11
7322,11
7323,12
7324,11
7325,11
7326,13
7327,14
7328,11
7329,9
7330,8
7331,6
7332,9
7333,11
7334,9
7335,9
7336,10
7337,10
7338,11
7339,12
7340,12
7341,13
7342,13
7343,14
7344,13
7345,12
7346,13
7347,13
7348,12
7349,12
7350,12
7351,13
7352,15
7353,13
7354,12
7355,12
7356,12
7357,9
7358,9
7359,10
7360,11
7361,13
7362,9
7363,10
7364,11
7365,7
7366,10
7367,10
7368,11
7369,13
7370,10
7371,9
7372,9
7373,13
7374,11
7375,12
7376,12
7377,13
7378,12
7379,11
7380,16
7381,14
7382,17
7383,15
7384,12
7385,16
7386,9
7387,10
7388,10
7389,11
7390,11
7391,8
7392,13
7393,13
7394,13
7395,12
7396,10
7397,9
7398,8
7399,10
7400,9
7401,8
7402,9
7403,10
7404,10
7405,11
7406,13
7407,16
7408,12
7409,12
7410,13
7411,11
7412,11
7413,12
7414,10
7415,11
7416,14
7417,13
7418,12
7419,11
7420,11
7421,11
7422,10
7423,12
7424,13
7425,14
7426,13
7427,16
7428,11
7429,11
7430,9
7431,10
7432,10
7433,9
7434,9
7435,12
7436,12
7437,12
7438,8
7439,9
7440,11
7441,9
7442,9
7443,12
7444,16
7445,14
7446,12
7447,10
7448,14
7449,13
7450,11
7451,12
7452,9
7453,16
7454,13
7455,11
7456,14
7457,13
7458,13
7459,14
7460,16
7461,16
7462,11
7463,11
7464,12
7465,11
7466,10
7467,12
7468,14
7469,8
7470,9
7471,11
7472,9
7473,12
7474,9
7475,12
7476,11
7477,11
7478,9
7479,11
7480,10
7481,7
7482,11
7483,10
7484,13
7485,10
7486,10
7487,14
7488,12
7489,13
7490,11
7491,9
7492,10
7493,8
7494,12
7495,12
7496,15
7497,12
7498,14
7499,12
7500,12
7501,12
7502,13
7503,10
7504,13
7505,13
7506,15
7507,14
7508,13
7509,13
7510,10
7511,10
7512,9
7513,8
7514,8
7515,11
7516,12
7517,8
7518,7
7519,7
7520,14
7521,11
7522,13
7523,13
7524,9
7525,9
7526,11
7527,12
7528,13
7529,12
7530,13
7531,10
7532,13
7533,15
7534,11
7535,10
7536,9
7537,10
7538,9
7539,10
7540,10
7541,8
7542,8
7543,13
7544,11
7545,14
7546,15
7547,16
7548,13
7549,11
7550,11
7551,10
7552,11
7553,9
7554,10
7555,13
7556,9
7557,10
7558,11
7559,9
7560,12
7561,12
7562,9
7563,9
7564,11
7565,10
7566,11
7567,9
7568,9
7569,11
7570,10
7571,10
7572,13
7573,14
7574,12
7575,15
7576,12
7577,14
7578,12
7579,11
7580,10
7581,12
7582,12
7583,10
7584,14
7585,10
7586,12
7587,12
7588,12
7589,9
7590,10
7591,7
7592,12
7593,9
7594,8
7595,12
7596,10
7597,11
7598,12
7599,14
7600,11
7601,10
7602,12
7603,11
7604,10
7605,8
7606,7
7607,8
7608,11
7609,14
7610,12
7611,12
7612,13
7613,14
7614,11
7615,14
7616,15
7617,15
7618,13
7619,14
7620,12
7621,11
7622,13
7623,13
7624,14
7625,12
7626,10
7627,13
7628,11
7629,15
7630,13
7631,10
7632,12
7633,13
7634,11
7635,13
7636,14
7637,13
7638,8
7639,11
7640,10
7641,11
7642,14
7643,14
7644,12
7645,12
7646,14
7647,16
7648,11
7649,12
7650,12
7651,11
7652,14
7653,15
7654,13
7655,15
7656,15
7657,14
7658,13
7659,13
7660,12
7661,10
7662,11
7663,12
7664,9
7665,10
7666,12
7667,12
7668,13
7669,11
7670,8
7671,7
7672,10
7673,9
7674,11
7675,9
7676,10
7677,9
7678,11
7679,9
7680,10
7681,12
7682,9
7683,10
7684,11
7685,11
7686,13
7687,12
7688,15
7689,10
7690,10
7691,8
7692,9
7693,14
7694,13
7695,12
7696,10
7697,9
7698,12
7699,13
7700,11
7701,9
7702,12
7703,14
7704,9
7705,9
7706,12
7707,8
7708,13
7709,16
7710,14
7711,9
7712,8
7713,8
7714,12
7715,9
7716,10
7717,12
7718,11
7719,8
7720,9
7721,11
7722,13
7723,12
7724,13
7725,13
7726,17
7727,18
7728,12
7729,13
7730,14
7731,12
7732,12
7733,13
7734,11
7735,11
7736,12
7737,12
7738,12
7739,11
7740,13
7741,9
7742,9
7743,12
7744,11
7745,10
7746,8
7747,9
7748,10
7749,10
7750,9
7751,11
7752,8
7753,9
7754,9
7755,12
7756,16
7757,13
7758,12
7759,11
7760,13
7761,9
7762,13
7763,14
7764,16
7765,12
7766,13
7767,10
7768,10
7769,11
7770,13
7771,12
7772,8
7773,7
7774,9
7775,11
7776,15
7777,12
7778,8
7779,11
7780,13
7781,10
7782,9
7783,10
7784,10
7785,13
7786,10
7787,11
7788,10
7789,12
7790,9
7791,10
7792,8
7793,11
7794,9
7795,15
7796,10
7797,9
7798,14
7799,12
7800,14
7801,11
7802,12
7803,8
7804,11
7805,14
7806,15
7807,14
7808,11
7809,11
7810,13
7811,15
7812,13
7813,9
7814,11
7815,14
7816,12
7817,12
7818,12
7819,9
7820,14
7821,14
7822,12
7823,11
7824,11
7825,13
7826,10
7827,7
7828,11
7829,11
7830,9
7831,11
7832,13
7833,12
7834,10
7835,13
7836,12
7837,11
7838,13
7839,12
7840,9
7841,13
7842,12
7843,15
7844,9
7845,10
7846,12
7847,14
7848,15
7849,14
7850,14
7851,14
7852,13
7853,9
7854,9
7855,8
7856,10
7857,10
7858,11
7859,12
7860,7
7861,10
7862,9
7863,10
7864,8
7865,8
7866,7
7867,13
7868,12
7869,10
7870,11
7871,12
7872,12
7873,11
7874,10
7875,10
7876,11
7877,9
7878,10
7879,11
7880,9
7881,13
7882,12
7883,10
7884,13
7885,11
7886,10
7887,11
7888,13
7889,10
7890,8
7891,7
7892,10
7893,7
7894,12
7895,10
7896,10
7897,13
7898,13
7899,16
7900,14
7901,12
7902,11
7903,12
7904,13
7905,12
7906,12
7907,13
7908,13
7909,13
7910,13
7911,16
7912,13
7913,8
7914,10
7915,13
7916,11
7917,11
7918,12
7919,10
7920,12
7921,13
7922,9
7923,9
7924,7
7925,10
7926,10
7927,10
7928,11
7929,10
7930,12
7931,16
7932,8
7933,12
7934,11
7935,13
7936,13
7937,11
7938,10
7939,8
7940,8
7941,9
7942,9
7943,7
7944,12
7945,7
7946,8
7947,12
7948,11
7949,9
7950,8
7951,12
7952,11
7953,14
7954,17
7955,17
7956,12
7957,10
7958,16
7959,16
7960,10
7961,11
7962,12
7963,12
7964,11
7965,15
7966,17
7967,14
7968,10
7969,12
7970,11
7971,13
7972,13
7973,10
7974,9
7975,12
7976,11
7977,10
7978,7
7979,6
7980,5
7981,10
7982,11
7983,10
7984,11
7985,11
7986,10
7987,11
7988,9
7989,11
7990,13
7991,12
7992,15
7993,11
7994,14
7995,18
7996,16
7997,14
7998,14
7999,13
8000,10
8001,10
8002,8
8003,8
8004,8
8005,11
8006,14
8007,13
8008,12
8009,10
8010,10
8011,10
8012,12
8013,10
8014,13
8015,11
8016,10
8017,10
8018,11
8019,9
8020,10
8021,14
8022,11
8023,12
8024,11
8025,11
8026,12
8027,13
8028,10
8029,10
8030,15
8031,14
8032,12
8033,7
8034,7
8035,7
8036,9
8037,9
8038,7
8039,8
8040,9
8041,11
8042,12
8043,9
8044,10
8045,9
8046,11
8047,12
8048,13
8049,15
8050,16
8051,15
8052,18
8053,16
8054,17
8055,16
8056,17
8057,17
8058,13
8059,14
8060,14
8061,12
8062,10
8063,12
8064,10
8065,14
8066,14
8067,8
8068,8
8069,14
8070,15
8071,12
8072,11
8073,15
8074,12
8075,14
8076,12
8077,12
8078,12
8079,12
8080,8
8081,6
8082,9
8083,14
8084,12
8085,13
8086,9
8087,10
8088,10
8089,9
8090,11
8091,11
8092,8
8093,7
8094,10
8095,8
8096,11
8097,16
8098,14
8099,16
8100,10
8101,9
8102,8
8103,10
8104,9
8105,13
8106,14
8107,9
8108,7
8109,9
8110,11
8111,10
8112,11
8113,11
8114,11
8115,13
8116,11
8117,11
8118,10
8119,10
8120,9
8121,10
8122,11
8123,12
8124,15
8125,16
8126,15
8127,14
8128,11
8129,15
8130,10
8131,8
8132,9
8133,13
8134,12
8135,11
8136,11
8137,12
8138,11
8139,10
8140,11
8141,13
8142,12
8143,9
8144,13
8145,13
8146,12
8147,10
8148,14
8149,10
8150,5
8151,10
8152,11
8153,12
8154,13
8155,12
8156,11
8157,12
8158,9
8159,8
8160,8
8161,9
8162,12
8163,11
8164,9
8165,8
8166,7
8167,7
8168,4
8169,7
8170,11
8171,11
8172,9
8173,12
8174,13
8175,14
8176,14
8177,13
8178,14
8179,16
8180,12
8181,14
8182,15
8183,12
8184,15
8185,13
8186,13
8187,10
8188,13
8189,15
8190,12
8191,9
